t,s_rel,lambda_pairwise,lambda_with_hyperedge,lambda_gain
0.0,-2.15,0.4,0.4,0.0
0.012024048096192385,-2.1379759519038077,0.4,0.4,0.0
0.02404809619238477,-2.125951903807615,0.4,0.4,0.0
0.036072144288577156,-2.113927855711423,0.4,0.4,0.0
0.04809619238476954,-2.1019038076152303,0.4,0.4,0.0
0.06012024048096192,-2.089879759519038,0.4,0.4,0.0
0.07214428857715431,-2.0778557114228455,0.4,0.4,0.0
0.0841683366733467,-2.0658316633266534,0.4,0.4,0.0
0.09619238476953908,-2.0538076152304607,0.4,0.4,0.0
0.10821643286573146,-2.0417835671342686,0.4,0.4,0.0
0.12024048096192384,-2.029759519038076,0.4,0.4,0.0
0.13226452905811623,-2.0177354709418838,0.4,0.4,0.0
0.14428857715430862,-2.005711422845691,0.4,0.4,0.0
0.156312625250501,-1.993687374749499,0.4,0.4,0.0
0.1683366733466934,-1.9816633266533066,0.4,0.4,0.0
0.18036072144288576,-1.9696392785571142,0.4,0.4,0.0
0.19238476953907815,-1.9576152304609218,0.4,0.4,0.0
0.20440881763527055,-1.9455911823647294,0.4,0.4,0.0
0.21643286573146292,-1.933567134268537,0.4,0.4,0.0
0.22845691382765532,-1.9215430861723446,0.4,0.4,0.0
0.24048096192384769,-1.9095190380761522,0.4,0.4,0.0
0.25250501002004005,-1.8974949899799598,0.4,0.4,0.0
0.26452905811623245,-1.8854709418837674,0.4,0.4,0.0
0.27655310621242485,-1.873446893787575,0.4,0.4,0.0
0.28857715430861725,-1.8614228456913826,0.4,0.4,0.0
0.30060120240480964,-1.8493987975951902,0.4,0.4,0.0
0.312625250501002,-1.837374749498998,0.4,0.4,0.0
0.3246492985971944,-1.8253507014028054,0.4,0.4,0.0
0.3366733466933868,-1.8133266533066132,0.4,0.4,0.0
0.3486973947895792,-1.8013026052104206,0.4,0.4,0.0
0.3607214428857715,-1.7892785571142285,0.4,0.4,0.0
0.3727454909819639,-1.777254509018036,0.4,0.4,0.0
0.3847695390781563,-1.7652304609218437,0.4,0.4,0.0
0.3967935871743487,-1.7532064128256513,0.4,0.4,0.0
0.4088176352705411,-1.7411823647294589,0.4,0.4,0.0
0.42084168336673344,-1.7291583166332665,0.4,0.4,0.0
0.43286573146292584,-1.717134268537074,0.4,0.4,0.0
0.44488977955911824,-1.7051102204408817,0.4,0.4,0.0
0.45691382765531063,-1.6930861723446893,0.4,0.4,0.0
0.468937875751503,-1.6810621242484969,0.4,0.4,0.0
0.48096192384769537,-1.6690380761523045,0.4,0.4,0.0
0.49298597194388777,-1.657014028056112,0.4,0.4,0.0
0.5050100200400801,-1.6449899799599197,0.4,0.4,0.0
0.5170340681362725,-1.6329659318637275,0.4,0.4,0.0
0.5290581162324649,-1.620941883767535,0.4,0.4,0.0
0.5410821643286573,-1.6089178356713427,0.4,0.4,0.0
0.5531062124248497,-1.59689378757515,0.4,0.4,0.0
0.5651302605210421,-1.584869739478958,0.4,0.4,0.0
0.5771543086172345,-1.5728456913827653,0.4,0.4,0.0
0.5891783567134269,-1.5608216432865731,0.4,0.4,0.0
0.6012024048096193,-1.5487975951903805,0.4,0.4,0.0
0.6132264529058116,-1.5367735470941883,0.4,0.4,0.0
0.625250501002004,-1.524749498997996,0.4,0.4,0.0
0.6372745490981964,-1.5127254509018035,0.4,0.4,0.0
0.6492985971943888,-1.5007014028056112,0.4,0.4,0.0
0.6613226452905812,-1.4886773547094188,0.4,0.4,0.0
0.6733466933867736,-1.4766533066132264,0.4,0.4,0.0
0.685370741482966,-1.464629258517034,0.4,0.4,0.0
0.6973947895791583,-1.4526052104208416,0.4,0.4,0.0
0.7094188376753507,-1.4405811623246492,0.4,0.4,0.0
0.721442885771543,-1.428557114228457,0.4,0.4,0.0
0.7334669338677354,-1.4165330661322644,0.4,0.4,0.0
0.7454909819639278,-1.4045090180360722,0.4,0.4,0.0
0.7575150300601202,-1.3924849699398796,0.4,0.4,0.0
0.7695390781563126,-1.3804609218436874,0.4,0.4,0.0
0.781563126252505,-1.3684368737474948,0.4,0.4,0.0
0.7935871743486974,-1.3564128256513026,0.4,0.4,0.0
0.8056112224448898,-1.34438877755511,0.4,0.4,0.0
0.8176352705410822,-1.3323647294589178,0.4,0.4,0.0
0.8296593186372745,-1.3203406813627254,0.4,0.4,0.0
0.8416833667334669,-1.308316633266533,0.4,0.4,0.0
0.8537074148296593,-1.2962925851703406,0.4,0.4,0.0
0.8657314629258517,-1.2842685370741482,0.4,0.4,0.0
0.8777555110220441,-1.2722444889779558,0.4,0.4,0.0
0.8897795591182365,-1.2602204408817634,0.4,0.4,0.0
0.9018036072144289,-1.248196392785571,0.4,0.4,0.0
0.9138276553106213,-1.2361723446893786,0.4,0.4,0.0
0.9258517034068137,-1.2241482965931862,0.4,0.4,0.0
0.937875751503006,-1.2121242484969939,0.4,0.4,0.0
0.9498997995991983,-1.2001002004008017,0.4,0.4,0.0
0.9619238476953907,-1.188076152304609,0.4,0.4,0.0
0.9739478957915831,-1.1760521042084169,0.4,0.4,0.0
0.9859719438877755,-1.1640280561122243,0.4,0.4,0.0
0.9979959919839679,-1.152004008016032,0.4,0.4,0.0
1.0100200400801602,-1.1399799599198397,0.4,0.4,0.0
1.0220440881763526,-1.1279559118236473,0.4,0.4,0.0
1.034068136272545,-1.115931863727455,0.4,0.4,0.0
1.0460921843687374,-1.1039078156312625,0.4,0.4,0.0
1.0581162324649298,-1.09188376753507,0.4,0.4,0.0
1.0701402805611222,-1.0798597194388777,0.4,0.4,0.0
1.0821643286573146,-1.0678356713426853,0.4,0.4,0.0
1.094188376753507,-1.055811623246493,0.4,0.4,0.0
1.1062124248496994,-1.0437875751503005,0.4,0.4,0.0
1.1182364729458918,-1.0317635270541081,0.4,0.4,0.0
1.1302605210420842,-1.0197394789579157,0.4,0.4,0.0
1.1422845691382766,-1.0077154308617233,0.4,0.4,0.0
1.154308617234469,-0.9956913827655309,0.4,0.4,0.0
1.1663326653306614,-0.9836673346693385,0.4,0.4,0.0
1.1783567134268538,-0.9716432865731461,0.4,0.4,0.0
1.1903807615230462,-0.9596192384769537,0.4,0.4,0.0
1.2024048096192386,-0.9475951903807613,0.4,0.4,0.0
1.2144288577154307,-0.9355711422845692,0.4,0.4,0.0
1.2264529058116231,-0.9235470941883768,0.4,0.4,0.0
1.2384769539078155,-0.9115230460921844,0.4,0.4,0.0
1.250501002004008,-0.899498997995992,0.4,0.4,0.0
1.2625250501002003,-0.8874749498997996,0.4,0.4,0.0
1.2745490981963927,-0.8754509018036072,0.4,0.4,0.0
1.2865731462925851,-0.8634268537074148,0.4,0.4,0.0
1.2985971943887775,-0.8514028056112224,0.4,0.4,0.0
1.31062124248497,-0.83937875751503,0.4,0.4,0.0
1.3226452905811623,-0.8273547094188376,0.4,0.4,0.0
1.3346693386773547,-0.8153306613226452,0.4,0.4,0.0
1.346693386773547,-0.8033066132264528,0.4,0.4,0.0
1.3587174348697395,-0.7912825651302604,0.4,0.4,0.0
1.370741482965932,-0.779258517034068,0.4,0.4,0.0
1.3827655310621243,-0.7672344689378756,0.4,0.4,0.0
1.3947895791583167,-0.7552104208416832,0.4,0.4,0.0
1.406813627254509,-0.7431863727454908,0.4,0.4,0.0
1.4188376753507015,-0.7311623246492984,0.4,0.4,0.0
1.4308617234468937,-0.7191382765531062,0.4,0.4,0.0
1.442885771543086,-0.7071142284569139,0.4,0.4,0.0
1.4549098196392785,-0.6950901803607215,0.4,0.4,0.0
1.4669338677354709,-0.6830661322645291,0.4,0.4,0.0
1.4789579158316633,-0.6710420841683367,0.4,0.4,0.0
1.4909819639278556,-0.6590180360721443,0.4,0.4,0.0
1.503006012024048,-0.6469939879759519,0.4,0.4,0.0
1.5150300601202404,-0.6349699398797595,0.4,0.4,0.0
1.5270541082164328,-0.6229458917835671,0.4,0.4,0.0
1.5390781563126252,-0.6109218436873747,0.4,0.4,0.0
1.5511022044088176,-0.5988977955911823,0.7196651052235049,0.7196651052235049,0.0
1.56312625250501,-0.5868737474949899,0.7160343960472028,0.7160343960472028,0.0
1.5751503006012024,-0.5748496993987975,0.712444923930897,0.712444923930897,0.0
1.5871743486973948,-0.5628256513026051,0.7088962205101349,0.7088962205101349,0.0
1.5991983967935872,-0.5508016032064127,0.7053878227400778,0.7053878227400778,0.0
1.6112224448897796,-0.5387775551102203,0.7019192728350824,0.7019192728350824,0.0
1.623246492985972,-0.5267535070140279,0.6984901182089671,0.6984901182089671,0.0
1.6352705410821644,-0.5147294589178355,0.6950999114159575,0.6950999114159575,0.0
1.6472945891783568,-0.5027054108216431,0.6917482100923027,0.6917482100923027,0.0
1.659318637274549,-0.49068136272545093,0.6884345768985538,0.6884345768985538,0.0
1.6713426853707414,-0.47865731462925853,0.685158579462499,0.685158579462499,0.0
1.6833667334669338,-0.46663326653306614,0.6819197903227463,0.6819197903227463,0.0
1.6953907815631262,-0.45460921843687374,0.6787177868729474,0.6787177868729474,0.0
1.7074148296593186,-0.44258517034068134,0.6755521513066547,0.6755521513066547,0.0
1.719438877755511,-0.43056112224448895,0.6724224705628044,0.6724224705628044,0.0
1.7314629258517034,-0.41853707414829655,0.6693283362718196,0.6693283362718196,0.0
1.7434869739478958,-0.40651302605210415,0.6662693447023251,0.6662693447023251,0.0
1.7555110220440882,-0.39448897795591176,0.6632450967084667,0.6632450967084667,0.0
1.7675350701402806,-0.38246492985971936,0.6602551976778305,0.6602551976778305,0.0
1.779559118236473,-0.37044088176352696,0.6572992574799519,0.6572992574799519,0.0
1.7915831663326653,-0.35841683366733457,0.6543768904154109,0.6543768904154109,0.0
1.8036072144288577,-0.34639278557114217,0.6514877151655045,0.6514877151655045,0.0
1.8156312625250501,-0.3343687374749498,0.6486313547424918,0.6486313547424918,0.0
1.8276553106212425,-0.3223446893787574,0.6458074364404023,0.6458074364404023,0.0
1.839679358717435,-0.310320641282565,0.6430155917864058,0.6430155917864058,0.0
1.8517034068136273,-0.2982965931863726,0.6402554564927317,0.6402554564927317,0.0
1.8637274549098197,-0.2862725450901802,0.6375266704091367,0.6375266704091367,0.0
1.875751503006012,-0.274248496993988,0.6348288774759107,0.6348288774759107,0.0
1.8877755511022043,-0.2622244488977956,0.632161725677417,0.632161725677417,0.0
1.8997995991983967,-0.2502004008016032,0.6295248669961612,0.6295248669961612,0.0
1.911823647294589,-0.23817635270541082,0.62691795736738,0.62691795736738,0.0
1.9238476953907815,-0.22615230460921842,0.6243406566341472,0.6243406566341472,0.0
1.9358717434869739,-0.21412825651302603,0.6217926285029887,0.6217926285029887,0.0
1.9478957915831663,-0.20210420841683363,0.619273540500002,0.619273540500002,0.0
1.9599198396793587,-0.19008016032064123,0.6167830639274747,0.6167830639274747,0.0
1.971943887775551,-0.17805611222444884,0.6143208738209941,0.6143208738209941,0.0
1.9839679358717435,-0.16603206412825644,0.6118866489070457,0.6118866489070457,0.0
1.9959919839679359,-0.15400801603206404,0.6094800715610922,0.6094800715610922,0.0
2.0080160320641283,-0.14198396793587165,0.607100827766129,0.607100827766129,0.0
2.0200400801603204,-0.12995991983967947,0.6047486070717103,0.6047486070717103,0.0
2.032064128256513,-0.11793587174348685,0.6024231025534408,0.6024231025534408,0.0
2.0440881763527052,-0.10591182364729468,0.6001240107729273,0.6001240107729273,0.0
2.056112224448898,-0.09388777555110206,0.5978510317381852,0.5978510317381852,0.0
2.06813627254509,-0.08186372745490988,0.5956038688644946,0.5956038688644946,0.0
2.0801603206412826,-0.06983967935871727,0.5933822289357009,0.5933822289357009,0.0
2.092184368737475,-0.05781563126252509,0.5911858220659562,0.5911858220659562,0.0
2.1042084168336674,-0.04579158316633247,0.5890143616618922,0.5890143616618922,0.0
2.1162324649298596,-0.0337675350701403,0.586867564385227,0.586867564385227,0.0
2.1282565130260522,-0.02174348697394768,0.5847451501157924,0.5847451501157924,0.0
2.1402805611222444,-0.009719438877755504,0.5826468419149841,0.5826468419149841,0.0
2.152304609218437,0.0023046092184371147,0.8998725311685141,1.5284947313644506,0.6286222001959366
2.164328657314629,0.01432865731462929,0.894195052594098,1.5156774544405,0.6214824018464019
2.176352705410822,0.02635270541082191,0.8885820579849991,1.5030057542597797,0.6144236962747806
2.188376753507014,0.03837675350701408,0.8830328149418386,1.4904779773830856,0.607445162441247
2.200400801603206,0.05040080160320626,0.8775465993837215,1.478092489150731,0.6005458897670095
2.212424849699399,0.06242484969939888,0.8721226954537564,1.465847673469253,0.5937249780154964
2.224448897795591,0.07444889779559105,0.8667603954256506,1.4537419326005416,0.5869815371748909
2.2364729458917836,0.08647294589178367,0.861458999611361,1.4417736869533595,0.5803146873419984
2.2484969939879758,0.09849699398797584,0.8562178162697986,1.429941374877235,0.5737235586074362
2.2605210420841684,0.11052104208416846,0.8510361615165681,1.4182434524586913,0.5672072909421233
2.2725450901803605,0.12254509018036064,0.8459133592347323,1.4066783933197953,0.560765034085063
2.284569138276553,0.13456913827655326,0.8408487409865899,1.3952446884189869,0.554395947432397
2.2965931863727453,0.14659318637274543,0.8358416459264577,1.3839408458541804,0.5480991999277228
2.308617234468938,0.15861723446893805,0.8308914207144394,1.3727653906680926,0.5418739699536531
2.32064128256513,0.17064128256513023,0.8259974194311779,1.3617168646557887,0.5357194452246108
2.3326653306613228,0.18266533066132284,0.8211590034935721,1.3507938261744097,0.5296348226808376
2.344689378757515,0.19468937875751502,0.8163755415714544,1.3399948499550653,0.5236193083836109
2.3567134268537075,0.20671342685370764,0.8116464095052118,1.329318526916858,0.5176721174116461
2.3687374749498997,0.2187374749498998,0.8069709902243447,1.3187634639830246,0.5117924737586798
2.3807615230460923,0.23076152304609243,0.8023486736669487,1.308328283899161,0.5059796102322124
2.3927855711422845,0.2427855711422846,0.7977788567001134,1.2980116250535183,0.5002327683534049
2.404809619238477,0.2548096192384772,0.7932609430412223,1.2878121412993302,0.494551198258108
2.4168336673346693,0.2668336673346694,0.7887943431801498,1.27772850177917,0.4889341585990201
2.4288577154308615,0.2788577154308616,0.7843784743023393,1.2677593907512916,0.4833809164489523
2.440881763527054,0.2908817635270542,0.7800127602127555,1.2579035074179503,0.4778907472051948
2.4529058116232463,0.30290581162324637,0.7756966312607021,1.2481595657556712,0.4724629344949691
2.464929859719439,0.314929859719439,0.7714295242654912,1.2385262943474435,0.4670967700819525
2.476953907815631,0.32695390781563116,0.7672108824429582,1.2290024362168253,0.461791553773867
2.4889779559118237,0.3389779559118238,0.7630401553328111,1.2195867486639254,0.4565465933311143
2.501002004008016,0.35100200400801596,0.7589167987268051,1.2102780031032576,0.45136120437645255
2.5130260521042085,0.3630260521042086,0.7548402745977316,1.2010749849034266,0.44623471030569484
2.5250501002004007,0.37505010020040075,0.7508100510292166,1.1919764932286425,0.4411664421994259
2.5370741482965933,0.38707414829659337,0.7468256021463138,1.1829813408820313,0.43615573873571767
2.5490981963927855,0.39909819639278554,0.7428864080468868,1.1740883541507268,0.43120194610384005
2.561122244488978,0.41112224448897816,0.7389919547337711,1.165296372652719,0.42630441791894796
2.5731462925851702,0.42314629258517034,0.7351417340477067,1.1566042491854478,0.42146251513774113
2.585170340681363,0.43517034068136295,0.731335243601031,1.1480108495761092,0.41667560597507813
2.597194388777555,0.44719438877755513,0.727571986712127,1.139515052533668,0.4119430658215409
2.6092184368737477,0.45921843687374775,0.723851472340614,1.1311157495025461,0.40726427716193214
2.62124248496994,0.4712424849699399,0.7201732150232758,1.1228118445179782,0.40263862949470236
2.6332665330661325,0.48326653306613254,0.7165367348107158,1.1146022540630034,0.39806551925228767
2.6452905811623246,0.4952905811623247,0.712941557204732,1.1064859069270885,0.3935443497223565
2.657314629258517,0.5073146292585169,0.7093872130964032,1.0984617440663507,0.38907453096994754
2.6693386773547094,0.5193386773547095,0.7058732387048777,1.0905287184653716,0.3846554797604938
2.6813627254509016,0.5313627254509017,0.7023991755168593,1.0826857950005804,0.3802866194837211
2.693386773547094,0.5433867735470943,0.6989645702267772,1.0749319503051864,0.3759673800784093
2.7054108216432864,0.5554108216432865,0.6955689746776393,1.0672661726356494,0.37169719795801015
2.717434869739479,0.5674348697394791,0.6922119458025545,1.059687461739662,0.36747551593710764
2.729458917835671,0.5794589178356713,0.68889304556692,1.0521948287256364,0.3633017831587164
2.741482965931864,0.5914829659318639,0.6856118409112653,1.0447872959336684,0.35917545502240306
2.753507014028056,0.6035070140280561,0.682367903694746,1.0374638968079721,0.35509599311322615
2.7655310621242486,0.6155310621242487,0.6791608106392779,1.030223675770759,0.35106286513148116
2.7775551102204408,0.6275551102204409,0.6759901432743077,1.023065688097554,0.3470755448232461
2.7895791583166334,0.6395791583166335,0.672855487882208,1.0159889997939207,0.3431335119117127
2.8016032064128256,0.6516032064128257,0.6697564354442959,1.0089926874735964,0.3392362520293005
2.813627254509018,0.6636272545090183,0.666692581587462,1.002075838238002,0.33538325665054
2.8256513026052104,0.6756513026052104,0.663663526531408,0.9952375495571273,0.3315740230257193
2.837675350701403,0.6876753507014031,0.6606688750364804,0.9884769291517639,0.32780805411528346
2.849699398797595,0.6996993987975952,0.6577082363520999,0.9817930948770797,0.3240848585249798
2.8617234468937873,0.7117234468937874,0.6547812241657743,0.9751851746075133,0.32040395044173897
2.87374749498998,0.72374749498998,0.6518874565526924,0.9686523061229774,0.31676484957028495
2.885771543086172,0.7357715430861722,0.6490265559258885,0.9621936369963534,0.31316708107046487
2.8977955911823647,0.7477955911823648,0.6461981489869738,0.9558083244822639,0.3096101754952901
2.909819639278557,0.759819639278557,0.6434018666774279,0.94949553540711,0.306093668729682
2.9218436873747495,0.7718436873747496,0.6406373441304426,0.9432544460603551,0.3026171019299125
2.9338677354709417,0.7838677354709418,0.6379042206233132,0.9370842420870462,0.29918002146373307
2.9458917835671343,0.7958917835671344,0.63520213953037,0.9309841183815533,0.2957819788511833
2.9579158316633265,0.8079158316633266,0.632530748276446,0.9249532789825183,0.29242253070607244
2.969939879759519,0.8199398797595192,0.6298896982908697,0.9189909369689939,0.28910123867812415
2.9819639278557113,0.8319639278557114,0.6272786449619855,0.9130963143577662,0.28581766939578074
2.993987975951904,0.843987975951904,0.6246972475921848,0.907268642001839,0.2825713944096542
3.006012024048096,0.8560120240480962,0.6221451693534531,0.901507159490075,0.2793619901366219
3.0180360721442887,0.8680360721442888,0.6196220772434186,0.8958111150479744,0.2761890378045558
3.030060120240481,0.880060120240481,0.6171276420419014,0.8901797654395815,0.2730521233976801
3.0420841683366735,0.8920841683366736,0.6146615382679558,0.8846123758705047,0.2699508376025489
3.0541082164328657,0.9041082164328658,0.612223444137401,0.8791082198920397,0.2668847757546386
3.0661322645290583,0.9161322645290584,0.6098130415208333,0.8736665793063785,0.26385353778554516
3.0781563126252505,0.9281563126252506,0.607430015902116,0.868286744072899,0.260856728170783
3.0901803607214426,0.9401803607214427,0.6050740563373405,0.8629680122155154,0.25789395587817504
3.1022044088176353,0.9522044088176354,0.6027448554142528,0.8577096897310829,0.25496483431683004
3.1142284569138274,0.9642284569138275,0.6004421092121426,0.8525110904988422,0.2520689812866996
3.12625250501002,0.9762525050100201,0.5981655172621859,0.8473715361908924,0.24920601892870653
3.1382765531062122,0.9882765531062123,0.5959147825082395,0.8422903561836815,0.24637557367544202
3.150300601202405,1.000300601202405,0.59368961126808,0.8372668874705003,0.24357727620242028
3.162324649298597,1.0123246492985971,0.5914897131950835,0.8323004745749726,0.24081076137988913
3.1743486973947896,1.0243486973947897,0.5893148012403402,0.8273904694655261,0.2380756682251859
3.186372745490982,1.036372745490982,0.5871645916151997,0.822536231470836,0.23537163985563625
3.1983967935871744,1.0483967935871745,0.5850388037542411,0.8177371271962273,0.23269832344198618
3.2104208416833666,1.0604208416833667,0.5829371602786645,0.8129925304410295,0.23005537016236494
3.2224448897795592,1.0724448897795593,0.5808593869600972,0.8083018221168659,0.22744243515676862
3.2344689378757514,1.0844689378757515,0.5788052126848121,0.8036643901668752,0.2248591774820631
3.246492985971944,1.0964929859719441,0.576774369418352,0.7990796294858475,0.22230526006749549
3.258517034068136,1.1085170340681363,0.5747665921705555,0.7945469418412688,0.21978034967071336
3.270541082164329,1.120541082164329,0.5727816189609802,0.7900657357952616,0.2172841168342814
3.282565130260521,1.132565130260521,0.5708191907847195,0.7856354266274134,0.21481623584269383
3.2945891783567136,1.1445891783567137,0.5688790515786057,0.7812554362584788,0.2123763846798731
3.306613226452906,1.1566132264529059,0.5669609481877995,0.7769251931749528,0.20996424498715327
3.318637274549098,1.168637274549098,0.5650646303327564,0.7726441323544954,0.2075795020217389
3.3306613226452906,1.1806613226452907,0.5631898505765704,0.7684116951922073,0.2052218446156369
3.3426853707414828,1.1926853707414828,0.5613363642926876,0.7642273294277422,0.20289096513505456
3.3547094188376754,1.2047094188376755,0.5595039296329861,0.7600904890732445,0.20058655944025838
3.3667334669338675,1.2167334669338676,0.5576923074962195,0.7560006343421087,0.19830832684588928
3.37875751503006,1.2287575150300603,0.5559012614968181,0.751957231578546,0.19605597008172795
3.3907815631262523,1.2407815631262524,0.5541305579340446,0.7479597531879513,0.19382919525390666
3.402805611222445,1.252805611222445,0.5523799657615007,0.7440076775680615,0.19162771180656074
3.414829659318637,1.2648296593186372,0.5506492565569785,0.740100489040895,0.18945123248391652
3.4268537074148298,1.2768537074148298,0.548938204492656,0.7362376777854647,0.18729947329280866
3.438877755511022,1.288877755511022,0.5472465863056307,0.7324187397712556,0.18517215346562485
3.4509018036072145,1.3009018036072146,0.5455741812687868,0.7286431766924564,0.18306899542366956
3.4629258517034067,1.3129258517034068,0.5439207711619948,0.7249104959029403,0.18098972474094557
3.4749498997995993,1.3249498997995994,0.5422861402436373,0.7212202103519825,0.17893407010834522
3.4869739478957915,1.3369739478957916,0.5406700752224584,0.7175718385207086,0.17690176329825025
3.498997995991984,1.3489979959919842,0.5390723652297327,0.7139649043592644,0.17489253912953176
3.5110220440881763,1.3610220440881764,0.537492801791751,0.7103989372247004,0.17290613543294936
3.5230460921843685,1.3730460921843686,0.5359311788026174,0.7068734718195595,0.17094229301694208
3.535070140280561,1.3850701402805612,0.534387292497357,0.7033880481311655,0.16900075563380854
3.5470941883767533,1.3970941883767534,0.5328609414253267,0.6999422113715978,0.16708126994627112
3.559118236472946,1.409118236472946,0.5313519264239307,0.6965355119183502,0.1651835854944195
3.571142284569138,1.4211422845691382,0.5298600505926325,0.6931675052556628,0.16330745466303034
3.5831663326653307,1.4331663326653308,0.5283851192672628,0.6898377519165202,0.1614526326492573
3.595190380761523,1.445190380761523,0.5269269399946195,0.6865458174253085,0.15961887743068898
3.6072144288577155,1.4572144288577156,0.525485322507355,0.6832912722411236,0.15780594973376857
3.6192384769539077,1.4692384769539077,0.524060078699151,0.6800736917017245,0.15601361300257338
3.6312625250501003,1.4812625250501004,0.5226510226001725,0.6768926559681202,0.15424163336794774
3.6432865731462925,1.4932865731462925,0.5212579703528029,0.6737477499697906,0.15248977961698773
3.655310621242485,1.5053106212424852,0.5198807401876526,0.6706385633505237,0.15075782316287115
3.6673346693386772,1.5173346693386773,0.518519152399843,0.6675646904148747,0.14904553801503156
3.67935871743487,1.52935871743487,0.5171730293255562,0.6645257300752262,0.14735270074967
3.691382765531062,1.5413827655310621,0.5158421953188542,0.6615212857994563,0.14567909048060212
3.7034068136272547,1.5534068136272547,0.5145264767287595,0.6585509655591957,0.14402448883043614
3.715430861723447,1.565430861723447,0.5132257018765968,0.6556143817786756,0.14238867990207885
3.7274549098196395,1.5774549098196395,0.5119397010335921,0.6527111512841561,0.1407714502505641
3.7394789579158316,1.5894789579158317,0.5106683063987256,0.6498408952539281,0.13917258885520245
3.751503006012024,1.6015030060120239,0.5094113520768371,0.6470032391688834,0.13759188709204623
3.7635270541082164,1.6135270541082165,0.5081686740569785,0.6441978127636464,0.13602913870666788
3.7755511022044086,1.6255511022044087,0.5069401101910147,0.6414242499782621,0.13448413978724733
3.787575150300601,1.6375751503006013,0.5057255001724649,0.6386821889104296,0.13295668873796473
3.7995991983967934,1.6495991983967935,0.5045246855155854,0.6359712717682815,0.13144658625269612
3.811623246492986,1.661623246492986,0.5033375095346906,0.6332911448236974,0.12995363528900683
3.823647294589178,1.6736472945891783,0.5021638173237079,0.6306414583661493,0.12847764104244142
3.835671342685371,1.6856713426853709,0.5010034557359646,0.6280218666570692,0.12701841092110452
3.847695390781563,1.697695390781563,0.4998562733642059,0.6254320278847373,0.1255757545205314
3.8597194388777556,1.7097194388777557,0.49872212052083786,0.6228716041196808,0.12414948359884295
3.8717434869739478,1.7217434869739479,0.4976008492183966,0.6203402612705804,0.12273941205218375
3.8837675350701404,1.7337675350701405,0.4964923131502375,0.6178376690406759,0.12134535589043839
3.8957915831663326,1.7457915831663327,0.4953963676714458,0.6153635008846701,0.1199671332132243
3.907815631262525,1.7578156312625253,0.4943128697799619,0.6129174339661183,0.11860456418615645
3.9198396793587174,1.7698396793587174,0.4932416780979231,0.6104991491153056,0.11725747101738249
3.93186372745491,1.78186372745491,0.492182652853215,0.6081083307875985,0.1159256779343835
3.943887775551102,1.7938877755511022,0.49113565586123475,0.6057446670222739,0.11460901116103916
3.9559118236472948,1.8059118236472949,0.4901005505068598,0.6034078494018124,0.11330729889495253
3.967935871743487,1.817935871743487,0.4890772017266218,0.601097573011655,0.11202037128503317
3.979959919839679,1.8299599198396792,0.4880654759910835,0.5988135364004177,0.11074806040933412
3.9919839679358717,1.8419839679358718,0.48706524128741546,0.5965554415405567,0.10949020025314127
4.004008016032064,1.8540080160320644,0.48607636710217034,0.5943229937894815,0.10824662668731115
4.0160320641282565,1.8660320641282566,0.4850987244042534,0.5921159018511084,0.10701717744685502
4.028056112224449,1.8780561122244488,0.4841321856280861,0.5899338777378519,0.10580169210976581
4.040080160320641,1.890080160320641,0.48317662465696076,0.5877766367330468,0.10460001207608607
4.052104208416834,1.902104208416834,0.4822319168065849,0.5856438973537981,0.10341198054721322
4.064128256513026,1.9141282565130262,0.4812979388088118,0.5835353813142521,0.1022374425054403
4.076152304609218,1.9261523046092184,0.4803745687955561,0.5814508134892846,0.10107624469372849
4.0881763527054105,1.9381763527054106,0.4794616862828924,0.5793899218786022,0.09992823559570983
4.1002004008016035,1.9502004008016036,0.47855917215533367,0.5773524375712505,0.09879326541591688
4.112224448897796,1.9622244488977958,0.47766690865028943,0.5753380947105268,0.09767118606023736
4.124248496993988,1.974248496993988,0.47678477934269897,0.5733466304592888,0.09656185111658978
4.13627254509018,1.9862725450901801,0.47591266912984054,0.5713777849656602,0.09546511583581961
4.148296593186373,1.9982965931863732,0.4750504642163121,0.5694313013291239,0.09438083711281185
4.160320641282565,2.0103206412825654,0.47419805209918287,0.5675069255670014,0.09330887346781853
4.1723446893787575,2.0223446893787576,0.47335532155331395,0.5656044065813115,0.09224908502799758
4.18436873747495,2.0343687374749497,0.47252216261684515,0.5637234961260073,0.09120133350916212
4.196392785571142,2.046392785571142,0.4716984665768468,0.5618639487745836,0.09016548219773673
4.208416833667335,2.058416833667335,0.47088412595513474,0.5600255218880533,0.08914139593291855
4.220440881763527,2.070440881763527,0.4700790344942462,0.5582079755832876,0.08812894108904142
4.232464929859719,2.0824649298597193,0.46928308714357514,0.5564110727017147,0.08712798555813961
4.244488977955911,2.0944889779559115,0.4684961800456645,0.5546345787783749,0.0861383987327103
4.2565130260521045,2.1065130260521046,0.46771821052265516,0.5528782620113265,0.08516005148867131
4.268537074148297,2.1185370741482967,0.46694907706288813,0.5511418932314012,0.08419281616851305
4.280561122244489,2.130561122244489,0.4661886793076585,0.5494252458722995,0.0832365665646409
4.292585170340681,2.142585170340681,0.46543691803812104,0.5477280959410284,0.08229117790290744
4.304609218436874,2.154609218436874,0.4646936951623435,0.5460502219886754,0.08135652682633182
4.316633266533066,2.1666332665330663,0.4639589137025073,0.5443914050815108,0.08043249137900355
4.328657314629258,2.1786573146292585,0.4632324777822537,0.5427514287724231,0.07951895099016942
4.340681362725451,2.1906813627254507,0.46251429261417343,0.5411300790726744,0.07861578645850098
4.352705410821644,2.2027054108216437,0.4618042644874386,0.5395271444239795,0.07772287993654092
4.364729458917836,2.214729458917836,0.46110230075557535,0.5379424156709016,0.07684011491532625
4.376753507014028,2.226753507014028,0.46040830982437464,0.5363756860335599,0.07596737620918524
4.38877755511022,2.2387775551102203,0.45972220113994094,0.5348267510806493,0.07510454994070834
4.400801603206412,2.2508016032064124,0.45904388517687666,0.5332954087027653,0.07425152352588862
4.412825651302605,2.2628256513026055,0.4583732734266002,0.531781459086032,0.07340818565943184
4.424849699398798,2.2748496993987977,0.4577102783857978,0.5302847046860307,0.07257442630023296
4.43687374749499,2.28687374749499,0.4570548135450052,0.5288049502020227,0.07175013665701747
4.448897795591182,2.298897795591182,0.45640679337732004,0.5273420025514662,0.07093520917414624
4.460921843687375,2.310921843687375,0.45576613332724153,0.5258956708448226,0.07012953751758105
4.472945891783567,2.3229458917835673,0.45513274979963836,0.5244657663606487,0.06933301656101036
4.484969939879759,2.3349699398797594,0.45450656014884,0.5230521025209715,0.06854554237213144
4.4969939879759515,2.3469939879759516,0.4538874826678535,0.521654494866943,0.06776701219908957
4.509018036072145,2.3590180360721447,0.45327543657770175,0.520272761034772,0.06699732445707031
4.521042084168337,2.371042084168337,0.4526703420168834,0.5189067207319281,0.06623637871504476
4.533066132264529,2.383066132264529,0.4520721200309523,0.517556195713617,0.0654840756826647
4.545090180360721,2.395090180360721,0.4514806925622153,0.5162210097595223,0.06474031719730709
4.557114228456914,2.4071142284569143,0.4508959824395469,0.5149009886508125,0.0640050062112655
4.569138276553106,2.4191382765531064,0.4503179133683201,0.5135959601474073,0.06327804677908712
4.5811623246492985,2.4311623246492986,0.44974640992045084,0.5123057539655043,0.0625593440450534
4.593186372745491,2.4431863727454908,0.4491813975245561,0.5110302017553592,0.0618488042308031
4.605210420841684,2.455210420841684,0.44862280245622377,0.5097691370793195,0.06114633462309567
4.617234468937876,2.467234468937876,0.44807055182839284,0.508522395390107,0.060451843561714146
4.629258517034068,2.479258517034068,0.4475245735818425,0.507289814009347,0.05976524042750454
4.64128256513026,2.4912825651302604,0.4469847964757902,0.5060712321063423,0.059086435630552055
4.6533066132264524,2.5033066132264525,0.4464511500785957,0.5048664906770866,0.0584153405984908
4.6653306613226455,2.5153306613226456,0.4459235647585707,0.5036754325235175,0.05775186776494684
4.677354709418838,2.5273547094188378,0.44540197167489376,0.502497902233006,0.05709593055811228
4.68937875751503,2.53937875751503,0.444886302768627,0.501333746158076,0.05644744338944897
4.701402805611222,2.551402805611222,0.4443764907538361,0.500182812396357,0.05580632164252083
4.713426853707415,2.563426853707415,0.4438724691088105,0.49904495077076316,0.05517248166195266
4.725450901803607,2.5754509018036074,0.4433741720673833,0.4979200128098982,0.05454584074251496
4.7374749498997994,2.5874749498997995,0.44288153461035007,0.49680785172868186,0.053926317118331776
4.749498997995992,2.5994989979959917,0.4423944924569851,0.49570832240919716,0.053313829952212045
4.761523046092185,2.6115230460921848,0.4419129820566533,0.4946212813817549,0.05270829932510159
4.773547094188377,2.623547094188377,0.44143694058051886,0.493546586806174,0.05210964622565514
4.785571142284569,2.635571142284569,0.4409663059133462,0.49248409845327273,0.051517792539926575
4.797595190380761,2.6475951903807613,0.44050101664539565,0.4914336776865721,0.05093266104117646
4.809619238476954,2.6596192384769544,0.44004101206441015,0.49039518744420546,0.050354175379795314
4.8216432865731464,2.6716432865731465,0.43958623214769377,0.48936849222103507,0.04978226007334131
4.833667334669339,2.6836673346693387,0.43913661755427935,0.48835345805097036,0.049216840496691026
4.845691382765531,2.695691382765531,0.43869210961718563,0.48734995248948787,0.04865784287230225
4.857715430861723,2.707715430861723,0.43825265033576233,0.48635784459634945,0.04810519426058713
4.869739478957916,2.719739478957916,0.4378181823681222,0.4853770049185172,0.04755882255039498
4.881763527054108,2.7317635270541083,0.4373886490236584,0.4844073054732614,0.04701865644960298
4.8937875751503,2.7437875751503005,0.43696399425564797,0.48344861973146164,0.04648462547581368
4.905811623246493,2.7558116232464926,0.43654416265393803,0.48250082260109634,0.04595665994715829
4.917835671342686,2.7678356713426857,0.43612909943771627,0.48156379041092073,0.04543469097320446
4.929859719438878,2.779859719438878,0.4357187504483628,0.48063740089433005,0.044918650445967295
4.94188376753507,2.79188376753507,0.43531306214238313,0.4797215331734054,0.044408471031022224
4.953907815631262,2.8039078156312622,0.43491198158442224,0.47881606774314145,0.04390408615871924
4.965931863727455,2.8159318637274553,0.4345154564403567,0.47792088645585323,0.043405430015496536
4.977955911823647,2.8279559118236475,0.43412343497046674,0.4770358725057599,0.04291243753529318
4.98997995991984,2.8399799599198396,0.4337358660226843,0.4761609104137432,0.042425044391058854
5.002004008016032,2.852004008016032,0.43335269902591933,0.4752958860122798,0.04194318698636044
5.014028056112225,2.864028056112225,0.4329738839834605,0.4744406864305442,0.041466802447083714
5.026052104208417,2.876052104208417,0.4325993714664519,0.47359520007968137,0.04099582861322947
5.038076152304609,2.8880761523046092,0.4322291126074433,0.47275931663824583,0.040530204030802534
5.050100200400801,2.9001002004008014,0.4318630590940136,0.47193292703780676,0.040069867943793136
5.0621242484969935,2.9121242484969936,0.43150116316246734,0.4711159234487167,0.039614760286249384
5.074148296593187,2.9241482965931866,0.4311433775916019,0.47030819926604145,0.03916482167443957
5.086172344689379,2.936172344689379,0.4307896556965461,0.4695096490956498,0.038719993399103717
5.098196392785571,2.948196392785571,0.43043995132266866,0.4687201687404616,0.03828021741779294
5.110220440881763,2.960220440881763,0.43009421883955595,0.4679396551868519,0.037845436347295904
5.122244488977956,2.9722444889779562,0.42975241313505774,0.4671680065912091,0.03741559345615137
5.134268537074148,2.9842685370741484,0.42941448960940093,0.46640512226664665,0.03699063265724572
5.1462925851703405,2.9962925851703406,0.4290804041693701,0.46565090266986453,0.036570498500494444
5.158316633266533,3.0083166332665328,0.4287501132225541,0.464905249388161,0.03615513616560697
5.170340681362726,3.020340681362726,0.4284235736716579,0.4641680651265913,0.03574449145493343
5.182364729458918,3.032364729458918,0.4281007429088794,0.4634392536952724,0.035338510786393024
5.19438877755511,3.04438877755511,0.42778157881034934,0.46271871999683156,0.034937141186482196
5.206412825651302,3.0564128256513023,0.4274660397306354,0.46200637001399814,0.03454033028336272
5.218436873747495,3.0684368737474954,0.42715408449730774,0.46130211079733563,0.03414802630002791
5.2304609218436875,3.0804609218436876,0.4268456724055671,0.4606058504531139,0.03376017804754682
5.24248496993988,3.0924849699398798,0.4265407632129333,0.4599174981313181,0.03337673491838477
5.254509018036072,3.104509018036072,0.42623931713399427,0.4592369640137942,0.03299764687979996
5.266533066132265,3.116533066132265,0.4259412948352148,0.45856415930253,0.03262286446731515
5.278557114228457,3.128557114228457,0.4256466574298042,0.45789899620806757,0.0322523387782634
5.290581162324649,3.1405811623246493,0.4253553664726421,0.4572413879380491,0.031886021465406963
5.302605210420841,3.1526052104208415,0.42506738395526233,0.4565912486858913,0.03152386473062893
5.314629258517034,3.1646292585170337,0.4247826723008933,0.45594849361958967,0.031165821318696375
5.326653306613227,3.1766533066132268,0.42450119435955447,0.4553130388706488,0.030811844511094325
5.338677354709419,3.188677354709419,0.4242229134032099,0.4546848015231397,0.030461888119929864
5.350701402805611,3.200701402805611,0.42394779312097475,0.45406369960288007,0.03011590648190532
5.362725450901803,3.2127254509018033,0.42367579761437824,0.45344965206673826,0.02977385445236002
5.374749498997996,3.2247494989979963,0.4234068913926788,0.45284257879205847,0.029435687399379712
5.386773547094188,3.2367735470941885,0.4231410393682338,0.4522424005662067,0.02910136119797288
5.398797595190381,3.2487975951903807,0.42287820685192057,0.45164903907623366,0.02877083222431312
5.410821643286573,3.260821643286573,0.4226183595486107,0.4510624168986578,0.028444057350047052
5.422845691382766,3.272845691382766,0.4223614635526945,0.4504824574893612,0.028120993936666717
5.434869739478958,3.284869739478958,0.4221074853436574,0.44990908517360356,0.027801599829946178
5.44689378757515,3.2968937875751503,0.42185639178170586,0.4493422251361467,0.027485833354440846
5.458917835671342,3.3089178356713425,0.4216081501034432,0.448781803411493,0.027173653308049776
5.470941883767535,3.3209418837675355,0.42136272791759455,0.44822774687423395,0.02686501895663937
5.482965931863728,3.3329659318637277,0.4211200932007805,0.44767998322950886,0.02655989002872838
5.49498997995992,3.34498997995992,0.4208802142933382,0.4471384410035713,0.026258226710233066
5.507014028056112,3.357014028056112,0.42064305989519085,0.446603049534463,0.025959989639272166
5.519038076152304,3.369038076152304,0.4204085990617633,0.44607373896279423,0.025665139901030917
5.531062124248497,3.3810621242484973,0.42017680119994405,0.4455504402226273,0.025373639022683227
5.543086172344689,3.3930861723446895,0.419947636064094,0.4450330850324658,0.025085448968371782
5.5551102204408815,3.4051102204408816,0.41972107375209944,0.4445216058863443,0.024800532134244883
5.567134268537074,3.417134268537074,0.4194970847014703,0.4440159360450201,0.02451885134354981
5.579158316633267,3.429158316633267,0.41927563968548304,0.443516009527265,0.02424036984178196
5.591182364729459,3.441182364729459,0.4190567098093671,0.44302176110125613,0.023965051291889
5.603206412825651,3.453206412825651,0.4188402665065342,0.44253312627606367,0.023692859769529454
5.615230460921843,3.4652304609218434,0.4186262815348514,0.4420500412932366,0.02342375975838521
5.627254509018036,3.4772545090180365,0.4184147269729554,0.44157244311848265,0.023157716145527276
5.6392785571142285,3.4892785571142286,0.4182055752166101,0.4411002694334443,0.022894694216834193
5.651302605210421,3.501302605210421,0.4179987989751039,0.4406334586275662,0.022634659652462287
5.663326653306613,3.513326653306613,0.4177943712676892,0.4401719497900569,0.02237757852236769
5.675350701402806,3.525350701402806,0.41759226542006167,0.43971568270194056,0.022123417281878888
5.687374749498998,3.537374749498998,0.41739245506088,0.43926459782819993,0.021872142767319924
5.69939879759519,3.5493987975951904,0.4171949141183245,0.4388186363100074,0.02162372219168288
5.7114228456913825,3.5614228456913826,0.4169996168166954,0.43837773995704526,0.02137812314034989
5.723446893787575,3.5734468937875747,0.4168065376730496,0.43794185123991314,0.02113531356686356
5.735470941883768,3.585470941883768,0.4166156514938754,0.43751091328262076,0.020895261788745366
5.74749498997996,3.59749498997996,0.4164269333718056,0.4370848698551674,0.02065793648336182
5.759519038076152,3.609519038076152,0.4162403586823667,0.4366636653662039,0.020423306683837194
5.771543086172344,3.6215430861723443,0.4160559030807668,0.4362472448557798,0.02019134177501303
5.783567134268537,3.6335671342685374,0.4158735424987182,0.4358355539881715,0.01996201148945326
5.7955911823647295,3.6455911823647296,0.4156932531412977,0.4354285390447927,0.019735285903495006
5.807615230460922,3.6576152304609217,0.4155150114838409,0.4350261469171848,0.01951113543334386
5.819639278557114,3.669639278557114,0.41533879426887327,0.4346283251000871,0.01928953083121381
5.831663326653307,3.681663326653307,0.41516457850307525,0.43423502168458616,0.01907044318151089
5.843687374749499,3.693687374749499,0.41499234145428204,0.43384618535134223,0.018853843897060213
5.855711422845691,3.7057114228456913,0.41482206064851734,0.43346176536389314,0.0186397047153758
5.867735470941883,3.7177354709418835,0.414653713867061,0.43308171156203384,0.018427997694972807
5.8797595190380765,3.7297595190380766,0.4144872791435499,0.4327059743552715,0.01821869521172166
5.891783567134269,3.7417835671342687,0.4143227347611113,0.43233450471635493,0.018011769955243638
5.903807615230461,3.753807615230461,0.4141600592495301,0.4319672541748773,0.0178071949253472
5.915831663326653,3.765831663326653,0.4139992313824462,0.43160417481095126,0.017604943428505052
5.927855711422846,3.777855711422846,0.4138402301745856,0.4312452192489566,0.017404989074371
5.939879759519038,3.7898797595190383,0.4136830348790219,0.4308903406513585,0.017207305772336604
5.95190380761523,3.8019038076152305,0.4135276249844693,0.43053949271259595,0.01701186772812662
5.963927855711423,3.8139278557114227,0.4133739802126062,0.4301926296530396,0.016818649440433434
5.975951903807615,3.825951903807615,0.41322208051542886,0.4298497062130184,0.016627625697589517
5.987975951903808,3.837975951903808,0.4130719060726363,0.429510677646914,0.016438771574277714
6.0,3.85,0.4129234372890432,0.4291754997173222,0.016252062428279018
