time,node
0.004700,0
0.023100,0
0.028400,3
0.031900,4
0.032100,0
0.043800,4
0.051900,3
0.053300,4
0.054000,2
0.057600,2
0.058800,0
0.059100,3
0.062500,2
0.063900,6
0.069100,6
0.079500,2
0.080000,0
0.085600,0
0.087100,1
0.089300,4
0.093300,0
0.095200,1
0.102100,3
0.102800,0
0.162600,0
0.198600,6
0.210900,2
0.215300,2
0.220400,2
0.252300,5
0.252500,6
0.283700,0
0.286900,4
0.292100,0
0.298000,4
0.304900,0
0.307400,4
0.322900,0
0.327900,3
0.340600,0
0.354600,0
0.364700,0
0.368300,6
0.379800,2
0.382800,6
0.387600,6
0.390800,4
0.402200,0
0.411300,0
0.434000,0
0.438500,4
0.439200,6
0.443200,0
0.445500,2
0.452200,4
0.458700,2
0.484600,6
0.498300,6
0.500300,3
0.507100,0
0.507200,3
0.517800,0
0.545700,4
0.550100,0
0.564900,0
0.573400,4
0.573700,0
0.583900,4
0.599700,0
0.605500,0
0.606300,4
0.611900,0
0.614300,3
0.620500,0
0.628100,0
0.628700,1
0.659300,1
0.679100,4
0.695600,0
0.746200,1
0.779500,3
0.781700,6
0.784200,3
0.789000,1
0.789600,0
0.795100,1
0.798800,3
0.801500,0
0.803600,2
0.809000,0
0.850300,6
0.862300,4
0.872000,4
0.878400,0
0.884500,4
0.899500,0
0.905400,4
0.908100,0
0.966600,0
0.980100,0
0.984400,2
0.988400,2
0.989100,0
0.996100,0
1.009100,0
1.028300,0
1.034300,6
1.038500,6
1.038700,0
1.038700,1
1.050000,2
1.055100,6
1.055400,2
1.066000,0
1.070300,6
1.079800,2
1.082700,0
1.086400,2
1.093300,0
1.114200,4
1.116100,1
1.121600,4
1.127400,0
1.127400,4
1.133700,4
1.137100,0
1.140300,4
1.150500,4
1.162200,4
1.168700,3
1.171900,4
1.184700,0
1.239400,4
1.251300,4
1.253700,1
1.273800,0
1.315500,2
1.319700,2
1.322000,6
1.325900,3
1.327300,2
1.339900,3
1.346700,3
1.353000,3
1.373400,3
1.377100,2
1.380900,3
1.437300,0
1.444800,4
1.455500,0
1.468300,6
1.472700,4
1.483900,0
1.484900,2
1.490300,2
1.508200,4
1.521300,4
1.554200,2
1.559900,2
1.600400,4
1.601100,0
1.609600,0
1.611500,4
1.615900,1
1.617500,0
1.617500,6
1.624300,6
1.626000,4
1.638000,4
1.638200,0
1.639800,1
1.646100,1
1.653600,1
1.660600,0
1.669100,0
1.731700,2
1.732900,4
1.739100,2
1.751800,2
1.754400,4
1.766900,4
1.777600,0
1.778500,4
1.785700,0
1.796100,0
1.804900,0
1.811900,0
1.829000,0
1.842700,0
1.844300,3
1.848800,6
1.852000,2
1.853600,6
1.860000,2
1.866800,6
1.870900,1
1.873000,6
1.885100,0
1.910000,0
1.918300,0
1.927800,0
1.937200,0
1.945800,0
1.954400,3
1.955100,0
1.961200,3
1.987800,1
2.000500,3
2.031300,3
2.045100,0
2.053000,3
2.055800,4
2.062300,0
2.068300,4
2.082800,6
2.089400,6
2.092600,2
2.096900,0
2.114800,0
2.121800,0
2.122500,1
2.136800,0
2.144300,0
2.157200,0
2.161500,1
2.169300,1
2.172000,4
2.173300,0
2.185900,4
2.187500,5
2.194600,5
2.201300,5
2.203700,4
2.208100,5
2.213800,5
2.217800,4
2.220000,5
2.227000,5
2.227500,0
2.230400,4
2.240200,5
2.250100,5
2.264000,2
2.268500,2
2.274000,2
2.299700,0
2.309700,6
2.371400,0
2.391600,4
2.393100,0
2.402400,2
2.426900,3
2.436300,0
2.442600,0
2.457600,3
2.461000,6
2.462500,0
2.464200,3
2.467600,6
2.472100,4
2.481600,2
2.482800,0
2.483300,4
2.486500,2
2.488300,2
2.494200,4
2.496400,2
2.497000,0
2.525100,0
2.532400,4
2.544800,4
2.551900,0
2.556000,4
2.559500,0
2.617400,0
2.621900,1
2.691400,4
2.698000,4
2.702100,6
2.707200,2
2.711800,2
2.714300,4
2.718500,0
2.721600,4
2.733700,4
2.742100,4
2.770100,4
2.770200,2
2.774700,2
2.782000,4
2.793800,4
2.804200,4
2.811100,6
2.814500,0
2.820300,0
2.834600,0
2.835200,1
2.843000,0
2.851200,0
2.858200,0
2.879600,0
2.890000,0
2.898200,1
2.901900,6
2.902200,0
2.943900,1
2.951600,3
2.975500,3
2.976800,0
3.002000,4
3.014200,4
3.020400,3
3.026300,3
3.053100,3
3.060000,3
3.060000,6
3.066500,3
3.069000,6
3.073600,3
3.080700,3
3.096400,6
3.110100,3
3.111500,2
3.117700,0
3.119700,2
3.157900,0
3.170400,0
3.182500,0
3.217100,0
3.229800,6
3.231400,0
3.233500,2
3.237600,2
3.271000,0
3.290500,2
3.296300,2
3.298900,0
3.306200,0
3.322700,0
3.370900,4
3.384500,4
3.390000,2
3.397800,4
3.403900,0
3.409100,0
3.419500,0
3.455900,0
3.473900,4
3.478800,4
3.482400,6
3.488800,4
3.506000,0
3.514100,0
3.515200,1
3.520400,2
3.520900,0
3.537900,3
3.542100,6
3.574600,3
3.579100,1
3.602500,0
3.610100,4
3.610500,2
3.614500,2
3.622200,4
3.628500,4
3.658500,0
3.663600,2
3.685800,4
3.687100,2
3.698200,4
3.701000,3
3.705700,0
3.707300,3
3.707500,2
3.714400,2
3.765900,3
3.779700,6
3.783900,6
3.810600,0
3.818400,6
3.823000,4
3.825100,6
3.833100,2
3.835100,4
3.837700,2
3.843700,2
3.845300,4
3.855800,4
3.856500,0
3.867100,4
3.892100,4
3.924800,4
3.933300,6
3.934500,4
3.936900,2
3.944400,2
3.945000,0
3.964000,0
3.974400,0
4.022600,2
4.027600,2
4.038000,3
4.063900,0
4.069300,0
4.071700,3
4.078800,5
4.084900,0
4.091000,5
4.095000,0
4.096100,1
4.106200,0
4.114500,0
4.121900,0
4.122400,6
4.139500,0
4.143100,4
4.144400,1
4.150500,3
4.152900,4
4.169000,0
4.195400,1
4.200600,1
4.203200,6
4.242300,3
4.246900,2
4.249600,3
4.252000,2
4.260000,1
4.265600,3
4.275900,6
4.287400,3
4.294500,3
4.296000,2
4.297200,0
4.326900,4
4.331400,2
4.335800,2
4.339100,4
4.346900,0
4.348700,4
4.354200,0
4.366500,0
4.374300,4
4.376000,0
4.388200,4
4.398300,4
4.401100,0
4.414200,1
4.418800,0
4.428300,0
4.435200,5
4.440800,4
4.444400,3
4.444800,5
4.453100,5
4.457300,0
4.459600,5
4.460100,3
4.465300,0
4.465900,4
4.467600,5
4.469300,2
4.473200,2
4.478300,4
4.481900,2
4.504800,6
4.546600,6
4.554800,3
4.559600,0
4.561000,3
4.567700,3
4.573900,2
4.590700,2
4.673800,4
4.680200,0
4.689200,0
4.695800,0
4.702500,0
4.709700,0
4.710400,4
4.718700,6
4.719200,4
4.720300,0
4.726700,4
4.736000,0
4.755700,0
4.765200,0
4.779400,4
4.797300,4
4.838100,0
4.845800,0
4.851900,6
4.856800,6
4.892300,4
4.900000,3
4.912900,2
4.917100,2
4.920400,6
4.944000,2
4.946800,0
4.949000,2
4.954600,3
4.956500,0
4.961400,3
4.973900,0
4.991000,0
5.009600,0
5.011300,3
5.027400,0
5.064900,3
5.072700,6
5.075600,0
5.078000,4
5.085000,0
5.086700,4
5.094100,0
5.101400,0
5.108800,0
5.112900,3
5.118600,0
5.129700,4
5.131400,1
5.137700,2
5.144100,1
5.147200,1
5.149900,1
5.156200,1
5.200200,6
5.210000,0
5.217600,0
5.228300,0
5.241600,1
5.246900,6
5.283000,4
5.296800,4
5.306200,2
5.306500,4
5.309700,2
5.315500,2
5.324500,4
5.337600,4
5.349300,4
5.358100,0
5.361500,4
5.373000,4
5.373300,0
5.374100,6
5.385900,6
5.386400,4
5.399700,0
5.409200,0
5.418200,0
5.447500,3
5.470100,0
5.478000,0
5.490900,3
5.493600,0
5.495500,1
5.502700,0
5.508900,3
5.549900,0
5.550500,6
5.556200,6
5.566500,4
5.576300,4
5.577100,0
5.577600,1
5.584900,0
5.589400,4
5.595900,2
5.599300,2
5.603900,2
5.657500,2
5.662200,2
5.663900,6
5.670600,6
5.677900,2
5.679700,3
5.690300,4
5.706800,4
5.730200,2
5.731300,0
5.738000,0
5.744500,0
5.751100,0
5.757000,0
5.758400,6
5.769300,0
5.778300,0
5.788100,0
5.803400,0
5.819100,0
5.827100,6
5.833400,4
5.835600,1
5.845600,4
5.856600,0
5.865900,0
5.887000,3
5.905900,1
5.915200,2
5.924200,1
5.930000,0
5.931100,3
5.935500,2
5.937900,3
5.940200,2
5.947300,2
5.960800,3
5.972800,1
5.976700,3
5.978500,6
5.983600,3
5.989600,0
5.996900,5
6.004000,5
6.010400,5
6.017200,5
6.041800,4
6.074600,2
6.096800,4
6.097100,1
6.102300,4
6.122300,6
6.122900,2
6.125500,4
6.181300,4
6.194600,4
6.207700,0
6.215300,0
6.225400,0
6.253300,4
6.267000,4
6.288000,0
6.305400,6
6.311900,0
6.328300,2
6.329200,0
6.333100,2
6.339400,2
6.364700,0
6.396500,4
6.409200,4
6.435800,4
6.447000,0
6.494300,2
6.494400,4
6.499000,2
6.502600,6
6.505600,4
6.528400,0
6.543500,3
6.543600,0
6.553200,0
6.555800,4
6.576600,6
6.584000,4
6.592700,3
6.593600,0
6.618000,0
6.634500,0
6.649300,3
6.665800,3
6.683000,6
6.697800,2
6.701800,2
6.708700,0
6.711500,2
6.716400,0
6.724300,0
6.742700,4
6.743300,0
6.768200,2
6.774500,2
6.785200,0
6.792900,6
6.793700,0
6.816500,4
6.828100,2
6.828500,4
6.841500,4
6.851200,2
6.853000,5
6.862900,0
6.884100,0
6.889500,0
6.894900,5
6.898300,0
6.906300,0
6.913500,5
6.915100,0
6.918200,1
6.924800,1
6.930000,1
6.935100,1
6.939700,2
6.945700,1
6.951900,1
6.954600,6
6.958600,1
6.972500,4
6.982200,4
6.994200,4
7.001100,4
7.023800,3
7.027900,2
7.073700,3
7.080500,3
7.107200,3
7.131300,2
7.136600,4
7.141700,2
7.147500,4
7.159200,4
7.189800,4
7.202200,2
7.206500,6
7.217200,0
7.223100,0
7.229900,0
7.237100,0
7.255900,0
7.259200,3
7.263600,6
7.264800,0
7.266800,3
7.268700,6
7.271800,0
7.311300,0
7.327100,6
7.332700,0
7.407700,0
7.410400,6
7.413600,0
7.417400,4
7.424700,4
7.429100,0
7.430700,4
7.453600,2
7.457400,2
7.469300,0
7.475800,0
7.482900,4
7.488600,2
7.492700,0
7.493100,2
7.497800,2
7.544800,0
7.571100,0
7.578700,0
7.585200,1
7.588500,0
7.591900,1
7.596600,4
7.597800,1
7.603800,1
7.604900,3
7.605500,6
7.609100,0
7.609600,2
7.610500,6
7.616100,2
7.617400,0
7.620400,1
7.637000,0
7.640500,3
7.653200,3
7.658200,6
7.664000,6
7.665300,3
7.685000,3
7.691800,3
7.715600,2
7.719700,2
7.742600,6
7.765900,0
7.774500,4
7.784600,4
7.801300,4
7.812900,1
7.814000,4
7.826700,4
7.848100,6
7.861700,5
7.881400,0
7.886800,5
7.888000,4
7.894800,2
7.898600,2
7.906000,2
7.930300,0
7.938600,0
7.950000,0
7.987800,0
8.021700,6
8.028000,6
8.040600,2
8.045600,2
8.051000,4
8.071800,4
8.074800,6
8.084200,4
8.103500,6
8.133800,0
8.139100,4
8.143000,0
8.159700,0
8.167100,0
8.181000,3
8.187600,3
8.198400,0
8.200800,6
8.205400,6
8.220500,0
8.238600,6
8.258900,4
8.260400,0
8.267300,0
8.270800,4
8.277300,0
8.292100,0
8.305300,0
8.314400,0
8.323600,0
8.335600,4
8.343600,4
8.344600,1
8.352300,0
8.355700,4
8.360700,0
8.361600,4
8.362400,5
8.366900,0
8.371400,5
8.374000,0
8.374600,3
8.378400,5
8.378900,4
8.384500,3
8.385900,5
8.394600,0
8.405800,3
8.415300,1
8.423000,0
8.437700,0
8.489600,0
8.496200,1
8.527200,2
8.530600,2
8.536100,3
8.542500,0
8.547000,4
8.558100,4
8.566000,3
8.568000,6
8.569300,4
8.572600,3
8.583100,4
8.594000,2
8.594000,4
8.598600,2
8.600700,0
8.606200,4
8.611800,3
8.618900,4
8.632400,4
8.656800,0
8.671400,1
8.681700,2
8.686300,2
8.698000,3
8.706300,6
8.711100,6
8.713700,0
8.752800,3
8.771200,0
8.779300,0
8.791100,0
8.798900,0
8.808800,0
8.815700,0
8.823900,4
8.828900,6
8.830800,4
8.841600,4
8.850100,4
8.859900,0
8.861600,4
8.895800,0
8.904000,0
8.916700,6
8.948100,0
8.955900,0
8.962400,6
8.964300,3
8.966400,0
8.969900,2
8.973500,2
8.979200,3
8.980400,2
8.994400,5
8.995300,6
9.028400,4
9.040600,4
9.061700,0
9.097800,4
9.112800,2
9.117200,2
9.121600,4
9.133200,4
9.144700,2
9.150000,2
9.174000,0
9.204100,3
9.206600,2
9.210400,3
9.212400,2
9.214300,0
9.223200,6
9.234700,3
9.240900,3
9.261400,6
9.280000,4
9.287100,2
9.293300,4
9.294200,2
9.305000,4
9.315000,4
9.324200,4
9.331100,4
9.333100,2
9.338100,2
9.369200,0
9.383500,0
9.392400,0
9.403500,0
9.411300,0
9.420200,0
9.420200,6
9.427300,0
9.443700,0
9.450300,0
9.461800,1
9.464500,0
9.469200,1
9.473300,0
9.515500,4
9.529200,4
9.540200,4
9.551800,4
9.562500,4
9.564100,2
9.569500,2
9.574100,4
9.577800,1
9.624900,0
9.633000,0
9.676100,4
9.679000,2
9.680600,0
9.683300,2
9.689800,2
9.691500,3
9.711300,6
9.714800,6
9.722100,3
9.722600,6
9.766700,6
9.771600,2
9.777400,2
9.784400,4
9.795100,4
9.798100,0
9.805900,4
9.811500,6
9.818700,4
9.826400,0
9.830700,4
9.833500,0
9.842500,0
9.851300,0
9.869800,0
9.871800,3
9.878400,3
9.879200,0
9.888400,0
9.901400,3
9.906200,2
9.907000,0
9.910100,6
9.915100,0
9.925400,0
9.934400,4
9.936800,3
9.943200,6
9.944200,3
9.972700,1
10.000900,0
10.038700,0
10.048800,1
10.053800,6
10.060800,6
10.064900,0
10.089200,0
10.106400,0
10.107400,2
10.112300,2
10.115900,0
10.123400,1
10.128900,1
10.129400,4
10.136900,1
10.140700,4
10.142500,0
10.143000,2
10.151500,4
10.164200,4
10.212900,6
10.214600,2
10.218800,2
10.223900,2
10.237100,4
10.278800,1
10.298500,3
10.307800,6
10.320400,0
10.333900,0
10.342600,0
10.349300,3
10.360200,4
10.365500,0
10.371100,4
10.372500,0
10.382400,0
10.405700,1
10.414500,2
10.418500,3
10.419400,2
10.423600,3
10.425200,0
10.426300,3
10.430500,6
10.434300,0
10.438400,4
10.469900,0
10.483000,0
10.494000,4
10.512800,0
10.543000,0
10.553700,1
10.612700,0
10.615800,4
10.619500,0
10.629300,4
10.631600,1
10.641100,4
10.642800,0
10.652800,4
10.656800,0
10.669800,0
10.683900,3
10.684400,0
10.687100,6
10.703900,0
10.711200,0
10.722800,0
10.726500,1
10.740100,0
10.753600,0
10.767700,1
10.771300,3
10.774500,6
10.799800,4
10.806700,4
10.813400,0
10.815200,4
10.819800,5
10.822500,0
10.826400,4
10.832600,5
10.834200,4
10.845400,5
10.849200,6
10.854400,1
10.860200,3
10.914000,2
10.917200,4
10.917400,2
10.922700,2
10.947600,3
10.965000,2
10.969300,2
10.976000,2
11.003800,3
11.006400,0
11.026100,2
11.056400,3
11.080400,0
11.092800,2
11.110200,4
11.110500,5
11.144600,6
11.151500,0
11.158200,0
11.178000,0
11.185500,0
11.207200,3
11.215500,3
11.247900,3
11.251000,6
11.263600,0
11.264700,3
11.265900,2
11.270400,2
11.281600,3
11.284900,0
11.296100,0
11.302600,0
11.306400,3
11.310300,0
11.310300,6
11.312400,3
11.318100,0
11.327200,6
11.342300,0
11.350900,0
11.373600,0
11.383100,0
11.411600,2
11.422200,6
11.447700,4
11.455000,2
11.458700,2
11.458900,4
11.465300,4
11.483100,4
11.490800,4
11.512700,0
11.520000,0
11.549800,0
11.572400,6
11.584200,0
11.590000,3
11.593800,0
11.624700,0
11.673800,6
11.691700,4
11.702100,3
11.709500,2
11.710000,0
11.713400,2
11.728400,3
11.731500,4
11.736000,3
11.737900,4
11.748800,4
11.750400,0
11.757700,4
11.767900,4
11.776300,4
11.785700,2
11.787600,0
11.790700,2
11.797200,2
11.802700,2
11.823700,0
11.833700,0
11.852500,6
11.857200,6
11.868900,0
11.880500,0
11.888500,6
11.889500,0
11.913600,0
11.933000,4
11.941900,4
11.947400,0
11.969200,4
11.975000,0
11.977600,4
11.983300,1
11.990300,4
12.004000,4
12.050900,0
12.057200,0
12.066800,0
12.077600,3
12.092600,6
12.099900,6
12.130400,6
12.134300,3
12.156800,3
12.163200,3
12.165400,2
12.169200,2
12.173900,2
12.178400,3
12.194100,3
12.216500,0
12.236200,0
12.245800,0
12.272500,0
12.305600,6
12.348100,0
12.367800,6
12.370900,0
12.392500,2
12.396500,2
12.397300,4
12.399400,0
12.406200,0
12.410200,4
12.422000,4
12.440500,4
12.448300,2
12.449300,0
12.452400,2
12.455200,2
12.472500,4
12.480400,4
12.498900,2
12.505300,2
12.510600,2
12.572100,0
12.589000,0
12.609000,0
12.627900,0
12.636700,3
12.660900,2
12.664700,2
12.671000,3
12.687700,2
12.688900,6
12.692200,3
12.693000,6
12.699300,6
12.715200,3
12.721100,3
12.727600,3
12.728900,0
12.745900,0
12.763800,4
12.768800,0
12.769900,4
12.781100,4
12.791500,4
12.803800,4
12.814400,0
12.821500,0
12.832000,2
12.837100,2
12.873600,0
12.883100,0
12.887400,6
12.891200,6
12.899200,0
12.919800,0
12.927800,0
12.936800,3
12.945800,1
12.953400,0
12.960600,6
12.984900,0
13.045900,0
13.047700,5
13.051300,4
13.053500,5
13.059000,5
13.064900,5
13.072400,0
13.074600,5
13.076200,4
13.088400,4
13.101000,4
13.122000,2
13.125700,2
13.131700,0
13.146900,6
13.152600,6
13.193700,0
13.219700,0
13.229200,0
13.236500,4
13.249100,4
13.254800,0
13.257100,2
13.260900,2
13.283600,3
13.284700,0
13.300700,6
13.313300,0
13.319300,2
13.323500,2
13.331600,3
13.365300,2
13.373000,4
13.383900,4
13.410400,0
13.423400,0
13.425900,4
13.429000,0
13.437400,4
13.439700,6
13.444500,6
13.448600,4
13.449700,0
13.475900,0
13.481000,2
13.485300,2
13.554600,2
13.564200,2
13.611300,4
13.623400,4
13.625300,2
13.629900,2
13.634100,4
13.684100,4
13.691700,0
13.696100,4
13.707900,4
13.715100,0
13.721900,0
13.734900,3
13.739000,0
13.747400,0
13.755600,0
13.766700,3
13.772400,0
13.776100,6
13.778700,0
13.779100,3
13.791500,0
13.798400,0
13.798700,1
13.804500,2
13.808600,3
13.810900,1
13.815300,3
13.816400,0
13.821700,2
13.823100,3
13.828300,1
13.835800,0
13.861100,3
13.884700,1
13.901900,5
13.907600,3
13.911000,5
13.917400,5
13.923500,5
13.937300,5
13.941800,0
13.951000,0
13.959600,0
13.998700,1
14.004600,0
14.029100,0
14.031400,4
14.044100,4
14.056400,6
14.062100,6
14.086000,2
14.089400,2
14.128900,0
14.135100,0
14.153000,4
14.153900,1
14.162200,0
14.162500,4
14.168500,0
14.171900,4
14.184400,2
14.186700,0
14.189300,2
14.200500,0
14.213300,6
14.214000,1
14.217700,6
14.218400,3
14.225700,3
14.280000,3
14.289200,4
14.292900,2
14.302000,2
14.308000,0
14.312600,3
14.315300,0
14.341600,3
14.348900,3
14.355000,2
14.355000,6
14.360000,2
14.369300,2
14.389300,0
14.405000,6
14.417500,4
14.428900,4
14.432600,0
14.434300,2
14.439100,0
14.440200,2
14.454200,0
14.473300,0
14.529100,6
14.529200,4
14.539700,4
14.546700,4
14.563900,0
14.574300,2
14.579900,2
14.594200,4
14.612000,0
14.621300,5
14.629000,5
14.634200,5
14.640200,5
14.646700,5
14.656400,5
14.662500,3
14.678700,2
14.684700,2
14.686600,3
14.687100,0
14.688800,6
14.693400,0
14.694100,6
14.711900,5
14.714200,0
14.730700,3
14.785100,0
14.789100,3
14.792900,6
14.799400,4
14.805700,4
14.819700,4
14.837000,0
14.843700,4
14.876500,4
14.889300,4
14.889600,0
14.899600,4
14.909400,0
14.925500,0
14.948700,1
14.971600,2
15.005300,2
15.010900,2
15.032300,0
15.035600,5
15.049100,4
15.066000,4
15.069700,2
15.075600,2
15.078500,4
15.080100,0
15.089300,4
15.096600,0
15.150600,6
15.159600,6
15.162000,4
15.163600,0
15.167500,3
15.174500,0
15.186000,3
15.191200,0
15.193600,3
15.210800,4
15.217500,4
15.223200,0
15.229400,3
15.231700,6
15.244700,2
15.250800,2
15.257600,2
15.258300,3
15.273800,6
15.282800,3
15.290200,3
15.292600,0
15.308300,0
15.315000,0
15.321000,0
15.326700,6
15.330600,0
15.337900,0
15.347600,0
15.378000,0
15.386700,3
15.387100,0
15.405300,2
15.411100,2
15.430200,6
15.437500,6
15.451200,4
15.463600,4
15.464800,0
15.474400,4
15.474600,0
15.551900,2
15.553000,1
15.556600,2
15.604400,4
15.616500,4
15.626900,4
15.633800,6
15.638000,0
15.647900,0
15.655100,0
15.669000,0
15.677000,4
15.677700,0
15.682500,1
15.719400,6
15.733300,3
15.740000,3
15.773400,3
15.778300,2
15.782600,2
15.782800,4
15.788200,2
15.794700,4
15.796000,2
15.799200,0
15.809500,5
15.811800,0
15.820700,5
15.829300,4
15.831100,2
15.831700,5
15.833300,0
15.837500,2
15.840800,0
15.843600,4
15.845600,2
15.850600,2
15.860400,0
15.872700,0
15.882600,0
15.902200,0
15.907800,1
15.909300,0
15.911800,6
15.913200,1
15.916300,6
15.918500,1
15.924000,1
15.930800,1
15.951300,1
15.959400,4
15.970300,4
15.980400,4
16.003100,2
16.007700,2
16.072600,6
16.077600,6
16.077800,3
16.080400,4
16.115200,2
16.120000,2
16.121000,0
16.132200,0
16.137800,4
16.160600,2
16.165200,2
16.166500,6
16.170900,0
16.178800,0
16.227500,4
16.236200,4
16.261000,4
16.276300,4
16.305400,0
16.312600,2
16.320200,0
16.325900,2
16.330500,2
16.333900,0
16.350100,0
16.359500,3
16.367400,3
16.380700,3
16.381700,0
16.387000,3
16.402000,3
16.412000,4
16.420300,0
16.424700,4
16.433900,3
16.439300,0
16.445600,0
16.456000,6
16.461400,2
16.463300,0
16.468000,2
16.479300,3
16.509500,2
16.514200,2
16.521100,2
16.531800,0
16.608800,0
16.611800,1
16.614600,2
16.616400,0
16.619700,2
16.622200,0
16.629100,6
16.630900,0
16.640400,0
16.654500,4
16.666800,4
16.679800,4
16.680100,0
16.693600,4
16.694400,0
16.738000,2
16.743700,2
16.766300,1
16.777300,4
16.785600,4
16.794300,0
16.796500,4
16.807800,4
16.818300,1
16.824500,0
16.834700,0
16.850200,5
16.859500,5
16.871900,0
16.879600,0
16.900000,3
16.906500,3
16.920400,1
16.957300,6
16.963200,4
16.974700,4
16.981400,0
16.986300,2
16.987800,4
16.989300,0
16.990600,2
17.003600,4
17.030000,0
17.056500,3
17.062900,3
17.065700,0
17.075100,2
17.079100,2
17.084200,6
17.084300,0
17.088400,6
17.093600,0
17.098200,4
17.102200,0
17.115200,4
17.124200,0
17.133900,0
17.137500,2
17.141500,0
17.142300,2
17.146600,3
17.148200,2
17.152700,6
17.153800,0
17.195000,3
17.207200,1
17.230600,4
17.244100,4
17.249900,2
17.254600,2
17.344900,2
17.349200,2
17.399300,6
17.429900,0
17.430600,4
17.447300,2
17.451800,2
17.457800,4
17.468900,4
17.479400,4
17.491900,3
17.496200,0
17.506000,0
17.512700,0
17.527700,4
17.529100,0
17.540100,3
17.540600,5
17.542400,0
17.545800,3
17.555500,0
17.575700,0
17.632300,2
17.636700,2
17.649500,0
17.656200,0
17.674200,4
17.674700,2
17.675700,0
17.677000,6
17.682700,2
17.687200,4
17.698300,4
17.725100,6
17.730300,6
17.761100,2
17.766300,2
17.793700,2
17.800000,6
17.802100,4
17.808700,0
17.817200,0
17.828900,0
17.837300,0
17.843700,0
17.865200,3
17.877400,0
17.936000,4
17.939600,2
17.944000,2
17.946600,4
17.951100,1
17.957200,4
17.970600,4
17.982300,4
18.034100,2
18.038500,2
18.102700,3
18.106700,0
18.109200,2
18.111900,6
18.114000,2
18.115900,6
18.121900,6
18.126800,0
18.142700,0
18.154200,0
18.169800,0
18.171400,4
18.184100,4
18.184200,0
18.191100,0
18.197100,4
18.198900,0
18.208800,0
18.218400,2
18.218800,0
18.225000,1
18.231000,2
18.233400,0
18.235700,2
18.237000,3
18.240800,2
18.241000,0
18.247600,1
18.256900,5
18.264900,5
18.269000,4
18.272700,5
18.273600,0
18.278800,1
18.297800,6
18.302300,6
18.361700,0
18.375800,0
18.382600,3
18.384100,4
18.387600,0
18.394400,4
18.404100,4
18.412500,6
18.416800,4
18.426000,3
18.429200,4
18.440200,4
18.445300,1
18.454500,0
18.463200,0
18.479700,0
18.487900,0
18.499400,0
18.545200,2
18.548700,2
18.553500,2
18.586200,2
18.637000,0
18.641100,4
18.658600,4
18.670000,0
18.691400,4
18.693900,0
18.702000,4
18.722600,2
18.727200,2
18.767000,6
18.779900,3
18.795800,3
18.801700,2
18.806300,2
18.810200,3
18.817200,3
18.820000,0
18.830100,3
18.837000,0
18.837500,3
18.838700,6
18.843900,0
18.850300,0
18.858000,0
18.858300,3
18.867900,0
18.894700,0
18.897200,3
18.911500,5
18.917800,5
18.921700,1
18.924500,5
18.930800,0
18.933500,5
18.938100,0
18.941400,6
18.960000,0
18.962500,1
18.977200,5
19.028000,4
19.039200,4
19.048600,2
19.053900,4
19.064900,4
19.078700,4
19.082900,6
19.089800,0
19.118200,4
19.121500,0
19.130300,2
19.149200,0
19.160100,0
19.190100,0
19.195400,4
19.196300,2
19.198200,0
19.209800,2
19.237400,6
19.241700,6
19.274800,0
19.333900,4
19.335100,6
19.340500,6
19.341300,0
19.345800,4
19.357700,3
19.370400,4
19.381500,4
19.392100,4
19.428700,2
19.432900,2
19.445000,0
19.461800,0
19.467100,3
19.468500,4
19.479200,0
19.481700,4
19.490800,0
19.493000,4
19.497000,0
19.526900,2
19.527800,6
19.531400,2
19.536000,3
19.561900,0
19.567000,3
19.573600,3
19.586200,3
19.604000,3
19.642400,3
19.645800,6
19.661700,2
19.666200,2
19.680900,6
19.701500,5
19.702200,4
19.714500,5
19.716700,0
19.722100,5
19.723000,4
19.733400,0
19.735000,5
19.735500,3
19.748800,4
19.752200,2
19.757300,2
19.819900,0
19.821600,4
19.828900,0
19.833000,4
19.843900,4
19.855800,0
19.856100,4
19.864900,6
19.866600,0
19.866800,4
19.869800,6
19.891000,0
19.897100,0
19.910400,0
19.918200,4
19.920200,0
19.930500,0
19.938500,0
19.974200,6
19.981900,3
20.011600,6
20.017700,6
20.049300,0
20.075100,1
20.093300,2
20.097400,2
20.121100,3
20.138000,0
20.140700,2
20.145400,2
20.164700,0
20.173900,0
20.181400,0
20.181500,4
20.192700,4
20.205100,4
20.212700,5
20.217300,4
20.266500,4
20.277700,4
20.279700,2
20.320100,2
20.320700,0
20.324300,2
20.369100,3
20.370100,6
20.374200,6
20.375900,3
20.410400,0
20.415800,0
20.439900,0
20.453600,3
20.459200,3
20.466600,3
20.466900,0
20.506000,0
20.511900,6
20.512600,3
20.521500,4
20.526200,2
20.526900,0
20.530700,2
20.533000,0
20.533600,4
20.562600,0
20.562700,4
20.620900,0
20.627500,0
20.650000,0
20.660600,4
20.673300,4
20.683700,4
20.687300,2
20.691200,2
20.695200,4
20.697500,2
20.715000,2
20.721000,4
20.733600,4
20.743000,2
20.744200,6
20.744800,2
20.755300,2
20.788400,4
20.800800,4
20.812700,4
20.825100,4
20.825900,0
20.831400,3
20.835700,0
20.842100,0
20.851300,0
20.890200,0
20.891200,6
20.898000,0
20.907600,0
20.918700,3
20.925700,0
20.950300,0
20.956900,3
20.971600,2
20.991500,2
20.995800,2
21.042900,3
21.064000,0
21.069500,6
21.070500,0
21.079900,0
21.107700,0
21.117800,0
21.123500,4
21.126300,0
21.136800,4
21.146900,4
21.155800,4
21.168500,4
21.181100,4
21.187800,2
21.191700,2
21.196800,2
21.209900,1
21.220100,4
21.220900,5
21.231400,4
21.244600,4
21.267300,0
21.279600,3
21.281300,2
21.284500,5
21.326800,0
21.349800,0
21.351000,3
21.357000,3
21.364200,2
21.370900,2
21.378200,3
21.379000,6
21.384800,3
21.390300,0
21.427500,0
21.435000,0
21.464900,3
21.479200,2
21.480600,6
21.489800,2
21.512200,0
21.522000,0
21.554400,0
21.562400,0
21.569500,4
21.580800,4
21.613300,6
21.617400,6
21.624000,4
21.638100,0
21.647700,0
21.649300,3
21.655600,4
21.657400,2
21.657500,0
21.661900,2
21.665200,6
21.665800,4
21.672400,6
21.672500,0
21.677300,4
21.684100,0
21.690400,4
21.700400,4
21.700500,0
21.741600,2
21.746400,2
21.771300,4
21.783200,4
21.790000,4
21.823700,0
21.826200,2
21.830500,0
21.831100,2
21.869700,0
21.878500,0
21.932500,6
21.937300,6
21.951800,6
21.952300,3
21.959300,0
21.970000,0
22.003500,0
22.007900,4
22.012700,0
22.022000,4
22.023900,3
22.045500,0
22.050300,3
22.053200,0
22.060000,4
22.066000,3
22.068000,1
22.072700,4
22.087100,4
22.145200,3
22.147900,2
22.151700,2
22.161900,6
22.163100,3
22.166900,6
22.173900,0
22.196400,0
22.204700,0
22.213700,2
22.220700,2
22.247700,3
22.249700,0
22.281400,1
22.305000,2
22.309200,6
22.310400,2
22.317500,6
22.345100,4
22.351100,4
22.357200,4
22.369800,4
22.377600,4
22.405400,0
22.427400,0
22.435900,0
22.450200,0
22.465800,0
22.473000,0
22.483900,1
22.489400,3
22.496500,6
22.545100,3
22.547300,2
22.552300,2
22.569300,4
22.581400,4
22.590900,0
22.593000,4
22.598800,0
22.609200,0
22.611100,1
22.625900,1
22.626600,0
22.634600,3
22.635300,0
22.639200,2
22.642200,2
22.644600,1
22.648000,0
22.649600,2
22.655100,0
22.656500,1
22.665900,3
22.670200,0
22.682700,3
22.694700,1
22.706400,4
22.712200,3
22.712400,0
22.716500,4
22.719500,2
22.723900,2
22.726900,4
22.728700,0
22.735200,4
22.749300,4
22.754900,3
22.755800,0
22.757500,4
22.764900,0
22.780400,0
22.784100,4
22.794500,4
22.796800,0
22.835100,0
22.846100,2
22.850300,2
22.852500,1
22.857400,2
22.917700,4
22.943700,6
22.944700,4
22.948200,6
22.956600,4
22.959200,0
22.972500,2
22.976600,2
23.004400,0
23.018400,3
23.025700,3
23.033500,4
23.070200,3
23.075800,0
23.077000,3
23.085200,0
23.093600,3
23.101100,0
23.102700,3
23.109800,3
23.117800,3
23.127700,0
23.142500,2
23.146700,2
23.146800,6
23.171700,4
23.202100,4
23.224900,2
23.229200,2
23.265100,0
23.276800,0
23.293500,0
23.314100,4
23.321600,0
23.322100,4
23.332600,0
23.335800,4
23.341500,1
23.344800,0
23.346400,4
23.349700,1
23.353200,0
23.355700,3
23.356700,1
23.357900,4
23.362000,2
23.367500,0
23.368300,1
23.369800,4
23.379400,2
23.406000,1
23.416100,0
23.466500,0
23.477800,2
23.482000,2
23.485400,4
23.487800,2
23.489500,1
23.494300,0
23.497300,4
23.509000,4
23.519000,4
23.529600,2
23.554500,4
23.559300,6
23.564600,6
23.566300,4
23.595900,2
23.602800,2
23.614800,6
23.654500,3
23.664600,0
23.681100,2
23.681200,4
23.695500,4
23.708100,0
23.715700,0
23.748100,0
23.754500,3
23.760700,3
23.761800,6
23.767000,6
23.768700,2
23.773000,2
23.778000,3
23.778200,2
23.797300,0
23.804600,3
23.826600,0
23.854000,2
23.857800,3
23.866000,2
23.866600,0
23.875100,0
23.897300,0
23.899300,4
23.910700,3
24.010100,6
24.018500,2
24.021700,4
24.022900,2
24.024200,0
24.033800,4
24.039000,0
24.055900,0
24.063600,4
24.070400,0
24.071600,4
24.073900,2
24.076400,0
24.084300,4
24.084700,0
24.093900,3
24.094800,5
24.102500,4
24.107600,5
24.112900,3
24.117300,5
24.125100,5
24.171800,0
24.187100,1
24.188700,2
24.192500,2
24.196200,0
24.233900,4
24.288300,3
24.294500,3
24.305500,0
24.328300,0
24.334200,2
24.338700,2
24.341500,3
24.344600,6
24.348500,6
24.354900,6
24.360400,4
24.372900,4
24.381700,3
24.387900,3
24.417500,2
24.419900,0
24.444000,6
24.448700,6
24.462000,3
24.465200,0
24.469400,3
24.477600,3
24.504600,6
24.509900,6
24.531900,2
24.536700,2
24.586400,4
24.593000,0
24.597900,4
24.600300,0
24.609500,0
24.609900,4
24.619000,4
24.626600,0
24.652900,0
24.678800,0
24.688700,0
24.716200,2
24.720800,2
24.722700,0
24.732100,0
24.748200,0
24.759400,0
24.766100,3
24.778200,6
24.808400,0
24.817200,0
24.820700,4
24.832600,4
24.843600,6
24.844600,4
24.891200,3
24.906300,0
24.907800,2
24.912200,2
24.942400,0
24.950700,1
24.951200,3
24.953600,0
24.957000,1
24.959600,3
24.959900,6
24.970000,1
24.989900,2
25.000300,4
25.003700,2
25.015800,5
25.016500,0
25.024000,0
25.037400,5
25.054900,0
25.072800,0
25.105900,3
25.122800,6
25.127300,6
25.130600,2
25.134500,2
25.142300,2
25.162300,3
25.195500,0
25.195800,6
25.202500,6
25.217600,2
25.219700,0
25.222300,2
25.237200,0
25.239100,4
25.245700,0
25.253100,4
25.266900,4
25.270900,0
25.277300,4
25.278900,0
25.294000,0
25.301200,0
25.304500,4
25.308600,0
25.311200,4
25.318400,1
25.323600,0
25.324300,4
25.324900,1
25.333400,6
25.336100,0
25.340600,2
25.346200,2
25.352500,0
25.356600,1
25.364800,2
25.376800,1
25.386300,0
25.388400,3
25.445600,2
25.452700,3
25.457600,4
25.457600,5
25.468400,2
25.472100,2
25.473900,5
25.479500,2
25.485200,4
25.516200,0
25.521800,1
25.533400,1
25.538700,1
25.541700,4
25.545000,2
25.549700,2
25.564300,0
25.575500,0
25.605900,4
25.617500,4
25.618300,2
25.628200,6
25.630700,4
25.631800,3
25.678300,3
25.679200,0
25.685900,3
25.692800,4
25.704800,0
25.705100,4
25.716400,0
25.717700,4
25.741300,6
25.741900,0
25.746400,6
25.752300,2
25.755900,2
25.760500,2
25.761700,0
25.770400,0
25.817600,2
25.821500,4
25.822400,2
25.861600,4
25.865100,2
25.870200,2
25.873500,4
25.884900,4
25.901600,0
25.912900,0
25.914200,1
25.914900,3
25.917900,4
25.922700,3
25.931700,4
25.955100,3
25.955600,2
25.961600,2
25.967400,1
26.010100,6
26.025800,3
26.031200,3
26.037100,2
26.043800,2
26.046700,0
26.057000,0
26.064100,0
26.096200,6
26.112700,3
26.122900,5
26.129600,5
26.136700,5
26.142500,2
26.144200,5
26.148800,2
26.150600,5
26.158200,0
26.182500,0
26.188600,0
26.216500,3
26.229300,6
26.259400,4
26.271000,4
26.295800,4
26.302600,0
26.308400,0
26.314600,0
26.318300,3
26.321100,0
26.324100,3
26.328500,6
26.329600,0
26.331800,2
26.333100,6
26.334200,3
26.335800,3
26.336600,0
26.341900,3
26.342200,0
26.347700,1
26.349500,0
26.353600,2
26.360200,1
26.360200,6
26.364600,3
26.380600,0
26.395100,3
26.406700,1
26.419300,6
26.423500,3
26.445400,0
26.454800,0
26.473100,1
26.476100,4
26.490200,0
26.499900,4
26.508200,5
26.513100,4
26.525500,4
26.526800,0
26.548800,0
26.564400,4
26.575400,4
26.581100,0
26.593800,0
26.596300,6
26.602700,1
26.632600,2
26.632900,6
26.636200,2
26.640200,0
26.654900,4
26.679500,2
26.686300,2
26.700300,4
26.713800,4
26.725000,4
26.736300,4
26.748200,4
26.748900,0
26.751300,2
26.757500,2
26.813800,2
26.846300,6
26.849700,0
26.851300,4
26.860200,0
26.882900,0
26.913700,0
26.921600,0
26.936400,3
26.952500,2
26.957000,2
26.984600,3
26.994600,2
27.015800,3
27.035000,6
27.038800,2
27.045300,3
27.064400,0
27.072400,0
27.079800,0
27.084800,4
27.093000,0
27.095800,4
27.099700,0
27.180200,2
27.182300,6
27.187200,6
27.191600,2
27.235400,2
27.240000,2
27.259000,4
27.279100,4
27.303400,4
27.313000,4
27.332800,0
27.335300,4
27.348900,0
27.354700,0
27.363400,0
27.368800,1
27.394000,4
27.408400,4
27.451100,6
27.452500,0
27.453200,3
27.455400,6
27.459100,4
27.468700,0
27.470100,4
27.475000,2
27.477900,0
27.480500,2
27.483200,6
27.483300,4
27.487700,0
27.503600,0
27.517300,3
27.524600,3
27.551500,6
27.584100,0
27.601600,0
27.613800,4
27.626700,4
27.633200,0
27.638100,4
27.653200,4
27.654300,0
27.671700,3
27.702100,6
27.709200,3
27.712300,0
27.753700,0
27.755600,3
27.768400,5
27.775800,0
27.777400,2
27.779200,5
27.784900,5
27.788400,4
27.790100,5
27.795300,0
27.795700,5
27.797100,4
27.801100,5
27.803000,3
27.812800,0
27.817600,5
27.823500,0
27.836300,4
27.842400,4
27.844400,0
27.859000,0
27.884600,2
27.888500,2
27.903500,6
27.925800,3
27.934300,3
27.943300,2
27.948000,2
27.953300,2
27.954000,3
27.961800,3
27.976000,1
28.012800,0
28.029500,4
28.034100,0
28.037700,6
28.040800,0
28.043400,6
28.058400,3
28.058600,2
28.062600,2
28.085700,0
28.101900,0
28.111600,0
28.115200,4
28.120800,0
28.128800,4
28.128900,0
28.139600,1
28.140500,4
28.147000,1
28.151600,4
28.154800,1
28.162200,4
28.184600,2
28.188300,6
28.189000,2
28.189500,3
28.245800,0
28.256500,0
28.262500,0
28.269500,0
28.281800,0
28.291300,4
28.303600,4
28.305000,0
28.317200,4
28.322800,1
28.389700,4
28.391100,2
28.395500,2
28.400600,4
28.405700,2
28.411100,2
28.412200,4
28.421100,6
28.424400,3
28.425400,6
28.448600,0
28.490700,3
28.494800,0
28.502600,0
28.515300,6
28.521700,6
28.530900,2
28.531600,3
28.536000,2
28.537700,3
28.562700,0
28.570500,0
28.574100,3
28.579200,0
28.586200,1
28.595300,3
28.609700,6
28.614700,4
28.620000,0
28.627500,0
28.639300,4
28.644100,0
28.649200,4
28.670100,1
28.689300,2
28.693800,2
28.721500,2
28.725700,2
28.739100,5
28.756200,5
28.775000,2
28.812700,6
28.832600,2
28.839100,2
28.858300,4
28.860100,0
28.869800,4
28.872500,0
28.880600,0
28.880900,4
28.886300,0
28.901300,0
28.909900,0
28.929000,0
28.937100,0
28.942600,1
28.948500,0
28.951400,1
28.957300,6
28.958200,1
28.959100,0
28.962500,6
28.964500,4
28.974600,1
28.975900,6
28.977100,4
28.981000,0
28.986700,4
29.012500,4
29.016500,2
29.017800,6
29.023700,4
29.027800,2
29.047600,3
29.063300,3
29.076900,6
29.101900,2
29.107200,2
29.146400,4
29.156200,4
29.176000,2
29.185000,4
29.202800,2
29.213600,4
29.216700,0
29.275800,3
29.280000,0
29.300400,6
29.305000,6
29.318600,4
29.320300,3
29.326300,3
29.331300,4
29.335900,2
29.340100,2
29.342000,4
29.353900,0
29.355400,2
29.363800,0
29.404200,0
29.422400,0
29.432100,0
29.446600,2
29.451700,2
29.457600,2
29.475300,0
29.490900,0
29.531000,0
29.550100,0
29.578300,0
29.579400,6
29.586200,3
29.587100,6
29.593500,3
29.602800,0
29.620400,0
29.633600,0
29.669700,4
29.671900,6
29.679300,4
29.687100,4
29.693400,4
29.702200,1
29.706700,4
29.744100,0
29.761600,6
29.822700,4
29.827200,2
29.831000,4
29.837800,2
29.856500,0
29.890100,2
29.895400,2
29.911200,3
29.915900,0
29.918800,3
29.922700,6
29.923400,0
29.939700,3
29.950500,4
29.963600,4
29.964100,0
29.971400,0
29.974900,4
29.983600,4
29.984300,2
29.991200,0
29.997000,2
30.004000,2
30.004500,4
30.014500,4
30.028000,4
30.041200,4
30.101700,3
30.102600,6
30.106800,6
30.112400,2
30.117200,2
30.132300,3
30.140000,3
30.157900,3
30.161900,0
30.174300,0
30.181400,3
30.187800,0
30.188700,3
30.201100,1
30.212000,0
30.249800,2
30.256300,1
30.257300,0
30.264800,2
30.267000,0
30.269300,4
30.277600,4
30.287100,1
30.293300,0
30.314900,0
30.328000,6
30.333200,0
30.342900,0
30.397500,4
30.404700,4
30.437300,0
30.445300,0
30.452400,1
30.497100,4
30.501500,0
30.509700,4
30.521100,0
30.523300,4
30.534400,4
30.558600,5
30.587900,5
30.592000,2
30.596100,0
30.602800,0
30.616100,4
30.620400,0
30.627800,4
30.639600,0
30.646300,0
30.648300,2
30.653000,2
30.669900,0
30.672900,3
30.676300,0
30.684200,6
30.684800,0
30.687600,4
30.707700,4
30.718700,4
30.741900,3
30.747800,3
30.753400,2
30.757600,2
30.760300,1
30.767200,3
30.768600,6
30.773500,3
30.773800,6
30.792300,3
30.819900,2
30.823900,3
30.824000,2
30.824300,6
30.829500,2
30.831400,3
30.880100,2
30.885500,1
30.905800,4
30.920700,2
30.926400,5
30.926900,2
30.933100,5
30.936000,4
30.947700,4
30.950600,5
30.955900,0
30.958100,4
30.958900,2
30.996700,4
31.019600,6
31.052900,0
31.106700,2
31.109700,0
31.113800,2
31.133400,3
31.136900,0
31.145000,0
31.145000,4
31.161000,0
31.165600,6
31.166500,0
31.182800,0
31.189400,0
31.193400,1
31.194500,3
31.201500,3
31.204600,0
31.205500,1
31.219100,0
31.225800,1
31.226900,0
31.232200,1
31.236300,0
31.254900,1
31.259900,3
31.263300,0
31.265400,4
31.274200,0
31.276000,6
31.277500,4
31.300300,0
31.302500,4
31.311300,1
31.315600,3
31.342100,4
31.353900,4
31.366000,4
31.380800,4
31.383500,2
31.387000,2
31.392900,2
31.419600,4
31.423700,6
31.429000,6
31.436900,2
31.442200,2
31.492900,0
31.523700,0
31.536200,4
31.539800,5
31.551600,0
31.551900,4
31.561500,0
31.567100,4
31.568100,2
31.572500,2
31.607800,3
31.613800,3
31.619700,0
31.628600,0
31.630500,6
31.638300,0
31.650900,4
31.652300,3
31.665800,4
31.672100,0
31.675900,3
31.682900,3
31.695200,6
31.700200,6
31.704900,2
31.709200,2
31.713600,3
31.720800,3
31.781700,4
31.790100,6
31.799800,0
31.834300,0
31.843000,2
31.846800,2
31.891500,0
31.898300,0
31.907000,0
31.911900,6
31.933500,2
31.938100,2
31.944700,0
31.947200,4
31.961700,0
31.994400,0
32.012100,0
32.015800,2
32.019000,0
32.020500,2
32.021700,4
32.021800,5
32.027400,0
32.034000,4
32.038800,5
32.045600,0
32.045800,4
32.053000,3
32.053300,0
32.058600,5
32.062500,0
32.080700,1
32.087700,5
32.161200,4
32.186000,4
32.194600,2
32.198900,2
32.204200,2
32.208600,0
32.217000,6
32.221700,4
32.236300,3
32.238300,4
32.277000,3
32.282700,3
32.284600,6
32.293000,6
32.296600,3
32.299900,0
32.308500,0
32.321800,0
32.324600,3
32.330800,3
32.336400,0
32.338000,3
32.339700,6
32.342500,0
32.359500,0
32.370700,0
32.409100,0
32.413100,4
32.415600,0
32.426000,0
32.435100,1
32.445000,4
32.457800,4
32.461300,0
32.467800,4
32.479400,4
32.481500,2
32.485200,2
32.491300,4
32.503800,4
32.506000,1
32.513600,4
32.526500,4
32.539900,4
32.547300,2
32.613600,2
32.614300,6
32.617600,2
32.630000,4
32.641900,4
32.655500,4
32.689200,0
32.695700,0
32.715800,2
32.720500,2
32.723300,0
32.728800,4
32.731200,0
32.758100,0
32.768000,3
32.781400,6
32.784900,0
32.792500,0
32.809600,0
32.817600,0
32.845300,3
32.852100,3
32.854500,6
32.870000,3
32.874100,0
32.912400,4
32.922900,4
32.934000,4
32.938400,1
32.943400,6
32.946100,4
32.947700,0
32.954200,0
32.979200,2
32.983500,2
32.985000,4
32.996700,0
32.998900,4
32.999000,1
33.003500,2
33.062300,2
33.067800,2
33.103800,0
33.114400,6
33.125900,4
33.137900,4
33.151100,4
33.155600,6
33.165200,0
33.177000,4
33.184500,4
33.236300,6
33.245100,2
33.249400,2
33.261000,2
33.267500,2
33.275600,0
33.283800,0
33.318100,6
33.330000,4
33.339200,3
33.341400,4
33.350700,0
33.357800,0
33.374200,0
33.380400,4
33.381100,0
33.388400,0
33.395000,1
33.397500,0
33.401200,1
33.408700,1
33.415000,2
33.419000,4
33.420500,1
33.425000,2
33.428200,1
33.428300,3
33.431000,0
33.463700,3
33.465700,6
33.466700,0
33.470500,6
33.471200,3
33.473800,0
33.493600,0
33.497500,3
33.513700,0
33.527500,3
33.529600,0
33.546100,1
33.549300,0
33.564000,0
33.594300,4
33.604600,5
33.604700,1
33.641500,2
33.645400,2
33.667600,6
33.673100,2
33.674700,6
33.677600,2
33.683800,2
33.686300,6
33.743800,2
33.752400,4
33.753400,2
33.758400,2
33.761600,2
33.767800,2
33.786300,4
33.804700,4
33.822900,0
33.832600,4
33.863400,2
33.868600,2
33.887000,0
33.895300,0
33.908400,0
33.917700,3
33.936400,0
33.937900,6
33.943600,0
33.952900,0
33.984100,3
33.987600,0
33.989800,4
34.000100,4
34.007600,1
34.012100,4
34.021200,0
34.024400,4
34.033600,2
34.040200,0
34.096400,3
34.102100,6
34.107700,6
34.116500,0
34.123300,3
34.131300,3
34.131600,6
34.149200,0
34.186100,3
34.208600,0
34.230900,6
34.249000,4
34.261100,4
34.275300,0
34.282600,3
34.289300,3
34.379800,4
34.382100,2
34.385700,2
34.391000,4
34.398000,0
34.404400,0
34.414500,2
34.418100,0
34.419200,2
34.464200,6
34.469300,6
34.472000,4
34.480000,0
34.486200,0
34.533900,0
34.542100,0
34.549400,0
34.557300,0
34.561800,2
34.566300,2
34.571500,2
34.590200,0
34.595100,4
34.604400,4
34.617700,4
34.691200,2
34.695300,6
34.698000,2
34.717200,3
34.739700,6
34.746400,4
34.751600,2
34.756300,2
34.762500,2
34.779500,0
34.784600,4
34.790200,0
34.798500,4
34.805500,4
34.828300,4
34.833800,2
34.837200,0
34.838600,2
34.893200,0
34.898600,3
34.902100,6
34.903100,0
34.908700,6
34.947200,0
34.954300,0
34.961000,1
34.965000,0
34.973600,0
34.976100,1
34.981400,1
34.988000,1
34.997100,4
35.009900,4
35.038100,4
35.041500,0
35.049100,4
35.072300,0
35.079400,0
35.086500,0
35.090100,4
35.101900,0
35.104500,6
35.104800,4
35.109000,6
35.115000,4
35.120400,0
35.151100,0
35.230500,2
35.240500,2
35.240600,4
35.245100,2
35.278800,3
35.282500,0
35.291700,3
35.293000,0
35.299300,3
35.310500,6
35.315900,6
35.322700,3
35.324800,2
35.329300,3
35.329900,2
35.344200,5
35.368200,5
35.370900,2
35.381300,3
35.393800,0
35.401700,2
35.404500,0
35.415500,6
35.429700,6
35.451900,2
35.454900,4
35.457700,2
35.491800,3
35.498400,3
35.509300,6
35.554100,0
35.555100,4
35.560800,6
35.561600,0
35.581200,4
35.593900,0
35.593900,4
35.606100,4
35.610500,0
35.642000,0
35.653800,6
35.673200,3
35.680200,3
35.715000,0
35.741700,1
35.742700,6
35.746200,4
35.757300,4
35.761600,0
35.769800,4
35.778200,4
35.781100,5
35.784700,1
35.790700,5
35.791900,3
35.798600,5
35.807200,5
35.817800,5
35.820800,2
35.823200,0
35.832200,0
35.845100,6
35.847800,0
35.869100,0
35.873300,2
35.873800,6
35.875400,0
35.877900,2
35.880300,2
35.890000,4
35.896500,0
35.898400,1
35.923800,4
35.936100,4
35.950100,0
35.960400,1
35.963600,6
35.972000,3
35.975700,6
35.977200,2
35.978300,2
35.988300,2
35.996100,2
36.040400,3
36.047400,3
36.067000,2
36.072800,2
36.083500,4
36.092100,3
36.094900,4
36.118400,2
36.126700,6
36.138700,4
36.155000,2
36.162400,2
36.184800,0
36.187300,3
36.193400,0
36.227600,0
36.237000,2
36.239700,0
36.283400,3
36.310100,2
36.314800,2
36.315200,6
36.322000,4
36.344300,6
36.375600,0
36.394600,2
36.399200,2
36.404300,4
36.413900,4
36.417500,0
36.424100,0
36.425500,4
36.438200,0
36.444800,0
36.453600,4
36.466300,4
36.469400,0
36.473400,2
36.479000,2
36.497400,0
36.518700,0
36.527400,0
36.546100,3
36.552300,0
36.552600,3
36.567500,2
36.573800,2
36.574000,6
36.585700,4
36.585900,1
36.590100,0
36.593800,1
36.598700,4
36.600000,2
36.600900,0
36.604900,1
36.609600,1
36.621800,2
36.623400,5
36.629100,2
36.631900,5
36.633400,4
36.636300,1
36.639000,5
36.645900,4
36.646600,5
36.657300,4
36.665300,5
36.668500,4
36.718700,6
36.718800,0
36.720600,4
36.725300,6
36.731300,4
36.750800,0
36.759400,2
36.759800,0
36.760800,4
36.763600,2
36.774100,3
36.777700,2
36.789700,0
36.836700,3
36.842900,3
36.852400,6
36.852600,1
36.856800,3
36.857400,2
36.862300,3
36.913700,3
36.932200,2
36.936800,2
36.940400,3
36.945700,4
36.950700,0
36.966600,0
36.979600,3
36.983300,0
36.990300,0
36.996900,0
37.012800,6
37.032800,0
37.040100,4
37.053100,4
37.061900,0
37.072100,0
37.080000,0
37.110400,4
37.116700,0
37.125100,0
37.127200,6
37.135400,6
37.140400,4
37.150600,4
37.163400,4
37.166100,2
37.166900,3
37.170500,2
37.176800,2
37.236000,6
37.275900,0
37.288600,6
37.290000,0
37.294400,2
37.299300,2
37.305600,0
37.309400,2
37.313500,0
37.333300,0
37.357800,4
37.369900,4
37.397900,5
37.409800,5
37.413900,3
37.426000,5
37.443700,2
37.444400,0
37.447900,2
37.462600,0
37.477300,0
37.493500,0
37.500400,0
37.503900,6
37.508800,6
37.516200,0
37.530700,4
37.540800,6
37.542400,4
37.556100,4
37.565800,2
37.568500,4
37.633800,4
37.681400,1
37.683000,2
37.684000,0
37.686800,2
37.693200,0
37.743400,6
37.759300,6
37.762900,3
37.765900,0
37.770300,3
37.773100,6
37.792800,0
37.797900,4
37.802700,2
37.806600,2
37.811500,2
37.811800,4
37.823800,6
37.856800,2
37.861400,2
37.897200,3
37.899800,6
37.906400,6
37.919600,0
37.928600,0
37.931800,3
37.936600,0
37.943300,6
37.943600,4
37.955200,4
37.958000,0
37.966700,0
37.975900,1
37.976500,3
37.982700,1
37.996900,4
38.001500,3
38.008200,0
38.046900,4
38.047100,0
38.055100,0
38.060200,4
38.063100,2
38.068600,5
38.073100,2
38.077300,0
38.135300,2
38.153400,0
38.173400,2
38.178800,4
38.189700,6
38.190600,4
38.298800,4
38.301400,6
38.347100,4
38.358600,4
38.371000,4
38.380200,0
38.383100,4
38.386000,0
38.394800,2
38.395900,4
38.398900,2
38.409700,0
38.419800,0
38.444300,2
38.449000,2
38.450100,6
38.455100,6
38.465500,4
38.471400,0
38.495000,3
38.503000,3
38.538700,4
38.550100,4
38.558400,2
38.559500,6
38.563100,2
38.600600,3
38.613500,6
38.615600,3
38.621900,3
38.628300,0
38.633800,0
38.636900,3
38.642400,0
38.669800,0
38.679200,0
38.679400,3
38.700400,3
38.701200,0
38.705800,4
38.708100,3
38.709500,0
38.719400,4
38.731000,4
38.760500,0
38.774600,0
38.795800,0
38.804800,4
38.811500,0
38.829600,0
38.837000,0
38.852300,0
38.855300,1
38.861500,0
38.870400,6
38.875000,6
38.915100,4
38.927000,4
38.940600,0
38.947700,0
38.957000,0
38.964800,4
38.975200,4
38.979800,6
38.981800,2
38.985000,6
38.985700,2
38.986600,4
38.994600,0
39.026600,0
39.043500,4
39.048900,1
39.055100,4
39.066700,0
39.104000,0
39.106500,2
39.110400,2
39.117800,2
39.132000,6
39.136900,4
39.147300,4
39.159200,4
39.168500,1
39.170300,4
39.208100,2
39.211300,0
39.212500,2
39.217700,2
39.241600,0
39.244800,3
39.259700,6
39.268800,0
39.273800,6
39.277000,0
39.282900,0
39.293200,0
39.302100,0
39.302700,3
39.303000,6
39.347400,3
39.367300,0
39.379900,4
39.383000,3
39.389200,4
39.399200,4
39.409600,4
39.421100,4
39.431600,4
39.447300,2
39.451800,2
39.455900,4
39.457600,2
39.468800,4
39.492900,4
39.500000,0
39.506300,4
39.527900,0
39.543700,4
39.544300,0
39.560800,6
39.591800,6
39.601800,0
39.629400,6
39.660700,3
39.666600,3
39.686900,0
39.692600,2
39.696400,2
39.707000,2
39.707900,3
39.715200,3
39.716600,0
39.721000,1
39.723200,4
39.724200,0
39.729700,6
39.732600,0
39.738600,0
39.747300,3
39.754200,0
39.754300,3
39.765100,4
39.768800,0
39.774600,6
39.777700,4
39.792400,1
39.826900,2
39.830800,2
39.847400,4
39.849500,0
39.858500,0
39.860900,4
39.872600,4
39.883200,4
39.926600,4
39.932500,0
39.939100,4
39.946700,3
39.957000,6
39.968500,4
39.979100,4
39.981900,1
39.983500,0
39.985700,5
39.987900,2
39.995800,2
